Operator,Audio File,Start,Stop,Label,Timestamp,Comments
Chris,call_20250217_003.wav,77.6,78.0,PERSON,2026-03-17 18:24:29,
Chris,call_20250217_003.wav,71.1,71.4,PERSON,2026-03-17 18:24:29,
Chris,call_20250217_003.wav,68.6,69.3,PERSON,2026-03-17 18:24:29,
Chris,call_20250217_003.wav,65.2,65.65,PERSON,2026-03-17 18:24:29,
Chris,call_20250217_003.wav,77.6,78.0,PERSON,2026-03-17 18:14:17,
Chris,call_20250217_003.wav,71.0,71.3,PERSON,2026-03-17 18:14:17,
Chris,call_20250217_003.wav,68.6,69.3,PERSON,2026-03-17 18:14:17,
Chris,call_20250217_003.wav,65.0,65.5,PERSON,2026-03-17 18:14:17,
Chris,call_20250217_003.wav,77.6,78.0,PERSON,2026-03-17 18:13:40,
Chris,call_20250217_003.wav,71.0,71.3,PERSON,2026-03-17 18:13:40,
Chris,call_20250217_003.wav,68.6,69.3,PERSON,2026-03-17 18:13:40,
Chris,call_20250217_003.wav,65.0,65.5,PERSON,2026-03-17 18:13:40,
Chris,call_20250217_003.wav,77.6,78.0,PERSON,2026-03-17 18:07:12,
Chris,call_20250217_003.wav,70.8,71.3,PERSON,2026-03-17 18:07:12,
Chris,call_20250217_003.wav,68.5,69.3,PERSON,2026-03-17 18:07:12,
Chris,call_20250217_003.wav,64.8,65.3,PERSON,2026-03-17 18:07:12,
Chris,call_20250217_003.wav,77.6,78.0,PERSON,2026-03-17 18:01:48,
Chris,call_20250217_003.wav,70.8,71.3,PERSON,2026-03-17 18:01:48,
Chris,call_20250217_003.wav,68.5,69.3,PERSON,2026-03-17 18:01:48,
Chris,call_20250217_003.wav,64.8,65.3,PERSON,2026-03-17 18:01:48,
Chris,call_20250217_003.wav,77.6,78.0,PERSON,2026-03-17 17:59:46,
Chris,call_20250217_003.wav,70.8,71.3,PERSON,2026-03-17 17:59:46,
Chris,call_20250217_003.wav,68.5,69.3,PERSON,2026-03-17 17:59:46,
Chris,call_20250217_003.wav,64.8,65.3,PERSON,2026-03-17 17:59:46,
Chris,call_20250217_003.wav,77.6,78.0,PERSON,2026-03-17 17:59:20,
Chris,call_20250217_003.wav,70.8,71.3,PERSON,2026-03-17 17:59:20,
Chris,call_20250217_003.wav,68.5,69.3,PERSON,2026-03-17 17:59:20,
Chris,call_20250217_003.wav,64.8,65.3,PERSON,2026-03-17 17:59:20,
Chris,call_20250217_003.wav,77.6,78.0,PERSON,2026-03-17 17:59:03,
Chris,call_20250217_003.wav,70.8,71.3,PERSON,2026-03-17 17:59:03,
Chris,call_20250217_003.wav,68.5,69.3,PERSON,2026-03-17 17:59:03,
Chris,call_20250217_003.wav,64.8,65.3,PERSON,2026-03-17 17:59:03,
Chris,call_20250217_003.wav,77.6,78.0,PERSON,2026-03-17 17:57:23,
Chris,call_20250217_003.wav,70.8,71.3,PERSON,2026-03-17 17:57:23,
Chris,call_20250217_003.wav,68.5,69.3,PERSON,2026-03-17 17:57:23,
Chris,call_20250217_003.wav,64.8,65.3,PERSON,2026-03-17 17:57:23,
Chris,call_20250217_003.wav,77.6,78.2,PERSON,2026-03-17 17:52:08,
Chris,call_20250217_003.wav,71.6,72.2,PERSON,2026-03-17 17:52:08,
Chris,call_20250217_003.wav,69.0,70.0,PERSON,2026-03-17 17:52:08,
Chris,call_20250217_003.wav,65.7,66.2,PERSON,2026-03-17 17:52:08,
Chris,call_20250219_002.wav,162.6,163.0,LOCATION,2026-03-17 17:32:47,
Chris,call_20250219_002.wav,159.0,160.0,PERSON,2026-03-17 17:32:47,
Chris,call_20250219_002.wav,158.5,158.9,LOCATION,2026-03-17 17:32:47,
Chris,call_20250219_002.wav,160.75,161.3,LOCATION,2026-03-17 17:32:47,
Chris,call_20250219_002.wav,157.4,158.2,PERSON,2026-03-17 17:32:47,
Chris,call_20250219_002.wav,162.6,163.0,LOCATION,2026-03-17 17:25:57,
Chris,call_20250219_002.wav,159.0,160.0,PERSON,2026-03-17 17:25:57,
Chris,call_20250219_002.wav,158.5,158.9,LOCATION,2026-03-17 17:25:57,
Chris,call_20250219_002.wav,160.75,161.3,LOCATION,2026-03-17 17:25:57,
Chris,call_20250219_002.wav,157.4,158.2,PERSON,2026-03-17 17:25:57,
Chris,call_20250220_005.wav,298.1,300.2,LOCATION,2026-03-17 16:58:03,
Chris,call_20250220_005.wav,135.8,137.8,PERSON,2026-03-17 16:58:03,
Chris,call_20250220_005.wav,132.8,133.6,PERSON,2026-03-17 16:58:03,
Chris,call_20250220_005.wav,298.1,300.2,LOCATION,2026-03-17 16:56:55,
Chris,call_20250220_005.wav,135.8,137.8,PERSON,2026-03-17 16:56:55,
Chris,call_20250220_005.wav,132.9,133.6,PERSON,2026-03-17 16:56:55,
Chris,call_20250220_005.wav,298.1,300.2,LOCATION,2026-03-17 16:56:35,
Chris,call_20250220_005.wav,135.8,137.8,PERSON,2026-03-17 16:56:35,
Chris,call_20250220_005.wav,132.9,133.6,PERSON,2026-03-17 16:56:35,
Chris,call_20250220_005.wav,298.1,299.0,LOCATION,2026-03-17 16:54:33,
Chris,call_20250220_005.wav,135.8,136.5,PERSON,2026-03-17 16:54:33,
Chris,call_20250220_005.wav,132.8,133.5,PERSON,2026-03-17 16:54:33,
Chris,call_20250220_005.wav,299.1,300.0,LOCATION,2026-03-17 16:52:48,
Chris,call_20250220_005.wav,136.5,138.0,PERSON,2026-03-17 16:52:48,
Chris,call_20250220_005.wav,133.3,134.3,PERSON,2026-03-17 16:52:48,
Chris,call_20250228_003.wav,219.3,220.6,PERSON,2026-03-17 16:41:38,
Chris,call_20250228_003.wav,204.0,205.5,PERSON,2026-03-17 16:41:38,
Chris,call_20250228_003.wav,192.0,202.8,USER_ID,2026-03-17 16:41:38,
Chris,call_20250228_003.wav,64.6,65.0,PERSON,2026-03-17 16:41:38,
Chris,call_20250228_003.wav,62.4,62.8,PERSON,2026-03-17 16:41:38,
Chris,call_20250228_003.wav,219.2,220.6,PERSON,2026-03-17 16:39:56,
Chris,call_20250228_003.wav,204.0,205.5,PERSON,2026-03-17 16:39:56,
Chris,call_20250228_003.wav,192.0,202.2,USER_ID,2026-03-17 16:39:56,
Chris,call_20250228_003.wav,64.6,65.0,PERSON,2026-03-17 16:39:56,
Chris,call_20250228_003.wav,62.3,62.8,PERSON,2026-03-17 16:39:56,
Chris,call_20250228_003.wav,219.2,220.6,PERSON,2026-03-17 16:38:42,
Chris,call_20250228_003.wav,204.0,205.5,PERSON,2026-03-17 16:38:42,
Chris,call_20250228_003.wav,192.0,202.2,USER_ID,2026-03-17 16:38:42,
Chris,call_20250228_003.wav,65.0,65.5,PERSON,2026-03-17 16:38:42,
Chris,call_20250228_003.wav,62.3,62.75,PERSON,2026-03-17 16:38:42,
Chris,call_20250228_003.wav,219.2,220.6,PERSON,2026-03-17 16:37:27,
Chris,call_20250228_003.wav,204.0,205.5,PERSON,2026-03-17 16:37:27,
Chris,call_20250228_003.wav,192.0,202.2,USER_ID,2026-03-17 16:37:27,
Chris,call_20250228_003.wav,64.0,64.5,PERSON,2026-03-17 16:37:27,
Chris,call_20250228_003.wav,62.3,62.7,PERSON,2026-03-17 16:37:27,
Chris,call_20250228_003.wav,219.0,220.6,PERSON,2026-03-17 16:34:20,
Chris,call_20250228_003.wav,204.0,205.5,PERSON,2026-03-17 16:34:20,
Chris,call_20250228_003.wav,192.0,204.0,USER_ID,2026-03-17 16:34:20,
Chris,call_20250228_003.wav,64.2,64.8,PERSON,2026-03-17 16:34:20,
Chris,call_20250228_003.wav,62.0,62.7,PERSON,2026-03-17 16:34:20,
Chris,call_20250228_003.wav,219.6,221.0,PERSON,2026-03-17 16:31:34,
Chris,call_20250228_003.wav,205.0,206.0,PERSON,2026-03-17 16:31:34,
Chris,call_20250228_003.wav,192.0,204.0,USER_ID,2026-03-17 16:31:34,
Chris,call_20250228_003.wav,65.0,65.5,PERSON,2026-03-17 16:31:34,
Chris,call_20250228_003.wav,62.8,63.4,PERSON,2026-03-17 16:31:34,
Simon,call_20250312_001.wav,38.0,39.0,PERSON,2026-03-17 15:41:02,
Simon,call_20250312_001.wav,24.0,25.0,PERSON,2026-03-17 15:41:02,
Simon,call_20250312_003.wav,74.0,82.0,LOCATION,2026-03-17 15:22:26,
Simon,call_20250312_003.wav,69.0,71.0,LOCATION,2026-03-17 15:22:26,
Simon,call_20250312_003.wav,66.0,68.0,LOCATION,2026-03-17 15:22:26,
Simon,call_20250312_003.wav,60.0,64.0,LOCATION,2026-03-17 15:22:26,
Simon,call_20250312_003.wav,58.0,59.0,LOCATION,2026-03-17 15:22:26,
Simon,call_20250312_003.wav,48.0,52.0,LOCATION,2026-03-17 15:22:26,
Simon,call_20250312_003.wav,46.0,47.0,LOCATION,2026-03-17 15:22:26,
Simon,call_20250312_003.wav,27.0,28.0,PERSON,2026-03-17 15:22:26,
Simon,call_20250312_003.wav,23.0,23.9,PERSON,2026-03-17 15:22:26,
Simon,call_20250312_003.wav,74.0,82.0,LOCATION,2026-03-17 15:20:23,
Simon,call_20250312_003.wav,69.0,71.0,LOCATION,2026-03-17 15:20:23,
Simon,call_20250312_003.wav,66.0,68.0,LOCATION,2026-03-17 15:20:23,
Simon,call_20250312_003.wav,61.0,64.0,LOCATION,2026-03-17 15:20:23,
Simon,call_20250312_003.wav,58.0,59.0,LOCATION,2026-03-17 15:20:23,
Simon,call_20250312_003.wav,48.0,52.0,LOCATION,2026-03-17 15:20:23,
Simon,call_20250312_003.wav,46.0,47.0,LOCATION,2026-03-17 15:20:23,
Simon,call_20250312_003.wav,27.0,28.0,PERSON,2026-03-17 15:20:23,
Simon,call_20250312_003.wav,23.0,23.9,PERSON,2026-03-17 15:20:23,
Simon,call_20250317_005.wav,567.8,569.0,LOCATION,2026-03-17 15:00:32,
Simon,call_20250317_005.wav,565.0,566.0,LOCATION,2026-03-17 15:00:32,
Simon,call_20250317_005.wav,413.0,416.0,LOCATION,2026-03-17 15:00:32,
Simon,call_20250317_005.wav,186.0,187.0,LOCATION,2026-03-17 15:00:32,
Simon,call_20250317_005.wav,132.0,133.5,LOCATION,2026-03-17 15:00:32,
Simon,call_20250317_005.wav,82.0,84.0,LOCATION,2026-03-17 15:00:32,
Simon,call_20250317_005.wav,80.0,81.0,LOCATION,2026-03-17 15:00:32,
Simon,call_20250317_005.wav,57.0,58.0,LOCATION,2026-03-17 15:00:32,
Simon,call_20250317_005.wav,45.9,47.0,LOCATION,2026-03-17 15:00:32,
Simon,call_20250317_005.wav,567.8,569.0,LOCATION,2026-03-17 14:59:54,
Simon,call_20250317_005.wav,565.0,566.0,LOCATION,2026-03-17 14:59:54,
Simon,call_20250317_005.wav,413.0,416.0,LOCATION,2026-03-17 14:59:54,
Simon,call_20250317_005.wav,186.0,187.0,LOCATION,2026-03-17 14:59:54,
Simon,call_20250317_005.wav,132.0,133.5,LOCATION,2026-03-17 14:59:54,
Simon,call_20250317_005.wav,82.0,84.0,LOCATION,2026-03-17 14:59:54,
Simon,call_20250317_005.wav,80.0,81.0,LOCATION,2026-03-17 14:59:54,
Simon,call_20250317_005.wav,57.0,58.0,LOCATION,2026-03-17 14:59:54,
Simon,call_20250317_005.wav,45.9,47.0,LOCATION,2026-03-17 14:59:54,
Simon,call_20250317_005.wav,567.8,569.0,LOCATION,2026-03-17 14:57:59,
Simon,call_20250317_005.wav,565.0,566.0,LOCATION,2026-03-17 14:57:59,
Simon,call_20250317_005.wav,413.0,416.0,LOCATION,2026-03-17 14:57:59,
Simon,call_20250317_005.wav,186.0,187.0,LOCATION,2026-03-17 14:57:59,
Simon,call_20250317_005.wav,132.0,133.5,LOCATION,2026-03-17 14:57:59,
Simon,call_20250317_005.wav,82.0,84.0,LOCATION,2026-03-17 14:57:59,
Simon,call_20250317_005.wav,80.0,81.0,LOCATION,2026-03-17 14:57:59,
Simon,call_20250317_005.wav,57.0,58.0,LOCATION,2026-03-17 14:57:59,
Simon,call_20250317_005.wav,45.8,47.0,LOCATION,2026-03-17 14:57:59,
Simon,call_20250317_005.wav,568.0,569.0,LOCATION,2026-03-17 14:51:01,
Simon,call_20250317_005.wav,565.0,566.0,LOCATION,2026-03-17 14:51:01,
Simon,call_20250317_005.wav,413.0,416.0,LOCATION,2026-03-17 14:51:01,
Simon,call_20250317_005.wav,186.0,187.0,LOCATION,2026-03-17 14:51:01,
Simon,call_20250317_005.wav,132.0,133.5,LOCATION,2026-03-17 14:51:01,
Simon,call_20250317_005.wav,82.0,84.0,LOCATION,2026-03-17 14:51:01,
Simon,call_20250317_005.wav,80.0,81.0,LOCATION,2026-03-17 14:51:01,
Simon,call_20250317_005.wav,57.0,58.0,LOCATION,2026-03-17 14:51:01,
Simon,call_20250317_005.wav,46.0,47.0,LOCATION,2026-03-17 14:51:01,
Simon,call_20250318_003.wav,436.0,438.0,PERSON,2026-03-17 14:25:27,
Simon,call_20250318_003.wav,420.0,435.0,USER_ID,2026-03-17 14:25:27,
Simon,call_20250318_003.wav,382.7,388.0,PERSON,2026-03-17 14:25:27,
Simon,call_20250318_003.wav,362.0,364.0,PERSON,2026-03-17 14:25:27,
Simon,call_20250318_003.wav,300.0,303.0,LOCATION,2026-03-17 14:25:27,
Simon,call_20250318_003.wav,213.0,215.0,PERSON,2026-03-17 14:25:27,
Simon,call_20250318_003.wav,210.0,212.0,PERSON,2026-03-17 14:25:27,
Simon,call_20250318_003.wav,204.0,206.0,LOCATION,2026-03-17 14:25:27,
Simon,call_20250318_003.wav,200.2,202.0,PERSON,2026-03-17 14:25:27,
Simon,call_20250318_003.wav,436.0,438.0,PERSON,2026-03-17 14:24:21,
Simon,call_20250318_003.wav,420.0,435.0,USER_ID,2026-03-17 14:24:21,
Simon,call_20250318_003.wav,382.5,388.0,PERSON,2026-03-17 14:24:21,
Simon,call_20250318_003.wav,362.0,364.0,PERSON,2026-03-17 14:24:21,
Simon,call_20250318_003.wav,300.0,303.0,LOCATION,2026-03-17 14:24:21,
Simon,call_20250318_003.wav,213.0,215.0,PERSON,2026-03-17 14:24:21,
Simon,call_20250318_003.wav,210.0,212.0,PERSON,2026-03-17 14:24:21,
Simon,call_20250318_003.wav,204.0,206.0,LOCATION,2026-03-17 14:24:21,
Simon,call_20250318_003.wav,200.2,202.0,PERSON,2026-03-17 14:24:21,
Simon,call_20250318_003.wav,436.0,438.0,PERSON,2026-03-17 14:21:41,
Simon,call_20250318_003.wav,420.0,435.0,USER_ID,2026-03-17 14:21:41,
Simon,call_20250318_003.wav,382.0,384.0,PERSON,2026-03-17 14:21:41,
Simon,call_20250318_003.wav,362.0,364.0,PERSON,2026-03-17 14:21:41,
Simon,call_20250318_003.wav,300.0,303.0,LOCATION,2026-03-17 14:21:41,
Simon,call_20250318_003.wav,213.0,215.0,PERSON,2026-03-17 14:21:41,
Simon,call_20250318_003.wav,210.0,212.0,PERSON,2026-03-17 14:21:41,
Simon,call_20250318_003.wav,204.0,206.0,LOCATION,2026-03-17 14:21:41,
Simon,call_20250318_003.wav,200.2,202.0,PERSON,2026-03-17 14:21:41,
Simon,call_20250318_003.wav,436.0,438.0,PERSON,2026-03-17 14:19:43,
Simon,call_20250318_003.wav,420.0,435.0,USER_ID,2026-03-17 14:19:43,
Simon,call_20250318_003.wav,383.0,385.0,PERSON,2026-03-17 14:19:43,
Simon,call_20250318_003.wav,362.0,364.0,PERSON,2026-03-17 14:19:43,
Simon,call_20250318_003.wav,300.0,303.0,LOCATION,2026-03-17 14:19:43,
Simon,call_20250318_003.wav,213.0,215.0,PERSON,2026-03-17 14:19:43,
Simon,call_20250318_003.wav,210.0,212.0,PERSON,2026-03-17 14:19:43,
Simon,call_20250318_003.wav,204.0,206.0,LOCATION,2026-03-17 14:19:43,
Simon,call_20250318_003.wav,200.5,202.0,PERSON,2026-03-17 14:19:43,
Simon,call_20250318_003.wav,436.0,438.0,PERSON,2026-03-17 14:14:04,
Simon,call_20250318_003.wav,420.0,435.0,USER_ID,2026-03-17 14:14:04,
Simon,call_20250318_003.wav,385.0,388.0,PERSON,2026-03-17 14:14:04,
Simon,call_20250318_003.wav,362.0,364.0,PERSON,2026-03-17 14:14:04,
Simon,call_20250318_003.wav,300.0,303.0,LOCATION,2026-03-17 14:14:04,
Simon,call_20250318_003.wav,213.0,215.0,PERSON,2026-03-17 14:14:04,
Simon,call_20250318_003.wav,210.0,212.0,PERSON,2026-03-17 14:14:04,
Simon,call_20250318_003.wav,204.0,206.0,LOCATION,2026-03-17 14:14:04,
Simon,call_20250318_003.wav,200.0,202.0,PERSON,2026-03-17 14:14:04,
Simon,call_20250318_003.wav,436.0,438.0,PERSON,2026-03-17 14:10:09,
Simon,call_20250318_003.wav,420.0,435.0,USER_ID,2026-03-17 14:10:09,
Simon,call_20250318_003.wav,386.0,388.0,PERSON,2026-03-17 14:10:09,
Simon,call_20250318_003.wav,362.0,364.0,PERSON,2026-03-17 14:10:09,
Simon,call_20250318_003.wav,300.0,303.0,LOCATION,2026-03-17 14:10:09,
Simon,call_20250318_003.wav,213.0,215.0,PERSON,2026-03-17 14:10:09,
Simon,call_20250318_003.wav,211.0,212.0,PERSON,2026-03-17 14:10:09,
Simon,call_20250318_003.wav,204.0,206.0,LOCATION,2026-03-17 14:10:09,
Simon,call_20250318_003.wav,201.0,202.0,PERSON,2026-03-17 14:10:09,
Simon,call_20250325_002.wav,116.5,123.0,LOCATION,2026-03-17 13:45:08,
Simon,call_20250325_002.wav,114.0,116.0,LOCATION,2026-03-17 13:45:08,
Simon,call_20250325_002.wav,116.0,123.0,LOCATION,2026-03-17 13:44:47,
Simon,call_20250325_002.wav,114.0,116.0,LOCATION,2026-03-17 13:44:47,
Simon,call_20250325_002.wav,116.0,123.0,LOCATION,2026-03-17 13:44:19,
Simon,call_20250325_002.wav,114.0,116.0,LOCATION,2026-03-17 13:44:19,
Simon,call_20250325_002.wav,117.0,123.0,LOCATION,2026-03-17 13:41:34,
Simon,call_20250325_002.wav,114.0,116.0,LOCATION,2026-03-17 13:41:34,
Simon,call_20250327_001.wav,125.1,126.0,LOCATION,2026-03-17 12:43:51,
Simon,call_20250327_001.wav,122.0,123.0,LOCATION,2026-03-17 12:43:51,
Simon,call_20250327_001.wav,94.8,96.0,PERSON,2026-03-17 12:43:51,
Simon,call_20250327_001.wav,92.0,93.0,PERSON,2026-03-17 12:43:51,
Simon,call_20250327_001.wav,125.1,126.0,LOCATION,2026-03-17 12:42:38,
Simon,call_20250327_001.wav,122.0,123.0,LOCATION,2026-03-17 12:42:38,
Simon,call_20250327_001.wav,94.8,96.0,PERSON,2026-03-17 12:42:38,
Simon,call_20250327_001.wav,92.8,93.0,PERSON,2026-03-17 12:42:38,
Simon,call_20250327_001.wav,124.8,126.0,LOCATION,2026-03-17 12:41:30,
Simon,call_20250327_001.wav,122.0,123.0,LOCATION,2026-03-17 12:41:30,
Simon,call_20250327_001.wav,94.8,96.0,PERSON,2026-03-17 12:41:30,
Simon,call_20250327_001.wav,92.5,93.0,PERSON,2026-03-17 12:41:30,
Simon,call_20250327_001.wav,125.0,126.0,LOCATION,2026-03-17 12:41:14,
Simon,call_20250327_001.wav,122.0,123.0,LOCATION,2026-03-17 12:41:14,
Simon,call_20250327_001.wav,94.8,96.0,PERSON,2026-03-17 12:41:14,
Simon,call_20250327_001.wav,92.5,93.0,PERSON,2026-03-17 12:41:14,
Simon,call_20250327_001.wav,125.0,126.0,LOCATION,2026-03-17 12:40:07,
Simon,call_20250327_001.wav,122.0,123.0,LOCATION,2026-03-17 12:40:07,
Simon,call_20250327_001.wav,94.8,96.0,PERSON,2026-03-17 12:40:07,
Simon,call_20250327_001.wav,92.0,93.0,PERSON,2026-03-17 12:40:07,
Simon,call_20250327_001.wav,125.0,126.0,LOCATION,2026-03-17 12:38:18,
Simon,call_20250327_001.wav,94.8,96.0,PERSON,2026-03-17 12:38:18,
Simon,call_20250327_001.wav,92.0,93.0,PERSON,2026-03-17 12:38:18,
Simon,call_20250327_001.wav,125.0,126.0,LOCATION,2026-03-17 12:37:05,
Simon,call_20250327_001.wav,95.0,96.0,PERSON,2026-03-17 12:37:05,
Simon,call_20250327_001.wav,92.0,93.0,PERSON,2026-03-17 12:37:05,
Simon,call_20250327_003.wav,65.0,66.0,PERSON,2026-03-17 12:29:26,
Simon,call_20250327_003.wav,46.0,47.0,PERSON,2026-03-17 12:29:26,
Simon,call_20250327_003.wav,43.0,44.0,PERSON,2026-03-17 12:29:26,
Simon,call_20250327_003.wav,39.0,40.0,PERSON,2026-03-17 12:29:26,
Simon,call_20250327_003.wav,65.0,66.0,PERSON,2026-03-17 12:28:49,
Simon,call_20250327_003.wav,46.0,47.0,PERSON,2026-03-17 12:28:49,
Simon,call_20250327_003.wav,43.5,44.0,PERSON,2026-03-17 12:28:49,
Simon,call_20250327_003.wav,39.0,40.0,PERSON,2026-03-17 12:28:49,
Simon,call_20250327_003.wav,65.0,66.0,PERSON,2026-03-17 12:28:41,
Simon,call_20250327_003.wav,46.0,47.0,PERSON,2026-03-17 12:28:41,
Simon,call_20250327_003.wav,43.0,44.0,PERSON,2026-03-17 12:28:41,
Simon,call_20250327_003.wav,39.0,40.0,PERSON,2026-03-17 12:28:41,
Simon,call_20250327_003.wav,65.0,66.0,PERSON,2026-03-17 12:27:59,
Simon,call_20250327_003.wav,46.0,47.0,PERSON,2026-03-17 12:27:59,
Simon,call_20250327_003.wav,39.0,40.0,PERSON,2026-03-17 12:27:59,
Simon,call_20250327_003.wav,65.0,66.0,PERSON,2026-03-17 12:27:27,
Simon,call_20250327_003.wav,46.0,47.0,PERSON,2026-03-17 12:27:27,
Simon,call_20250327_003.wav,43.0,44.0,PERSON,2026-03-17 12:27:27,
Simon,call_20250327_003.wav,39.0,40.0,PERSON,2026-03-17 12:27:27,
Simon,call_20250327_003.wav,65.0,66.0,PERSON,2026-03-17 12:26:16,
Simon,call_20250327_003.wav,46.0,47.0,PERSON,2026-03-17 12:26:16,
Simon,call_20250327_003.wav,43.0,44.0,PERSON,2026-03-17 12:26:16,
Simon,call_20250327_003.wav,65.0,66.0,PERSON,2026-03-17 12:25:25,
Simon,call_20250327_003.wav,46.0,47.0,PERSON,2026-03-17 12:25:25,
Simon,call_20250327_003.wav,43.0,44.0,PERSON,2026-03-17 12:25:25,
Simon,call_20250327_003.wav,39.8,40.0,PERSON,2026-03-17 12:25:25,
Simon,call_20250327_003.wav,65.0,66.0,PERSON,2026-03-17 12:23:23,
Simon,call_20250327_003.wav,46.0,47.0,PERSON,2026-03-17 12:23:23,
Simon,call_20250327_003.wav,43.0,44.0,PERSON,2026-03-17 12:23:23,
Simon,call_20250327_003.wav,39.0,40.0,PERSON,2026-03-17 12:23:23,
Simon,call_20250327_003.wav,65.0,66.0,PERSON,2026-03-17 12:21:42,
Simon,call_20250327_003.wav,46.0,47.0,PERSON,2026-03-17 12:21:42,
Simon,call_20250327_003.wav,43.0,44.0,PERSON,2026-03-17 12:21:42,
Simon,call_20250327_003.wav,40.0,41.0,PERSON,2026-03-17 12:21:42,
Simon,call_20250328_003.wav,173.0,174.0,PERSON,2026-03-17 12:12:52,
Simon,call_20250328_003.wav,168.0,170.0,PERSON,2026-03-17 12:12:52,
Simon,call_20250328_003.wav,163.9,165.0,PERSON,2026-03-17 12:12:52,
Simon,call_20250328_003.wav,149.0,150.0,PERSON,2026-03-17 12:12:52,
Simon,call_20250328_003.wav,140.0,141.0,PERSON,2026-03-17 12:12:52,
Simon,call_20250328_003.wav,135.0,137.0,PERSON,2026-03-17 12:12:52,
Simon,call_20250328_003.wav,111.4,115.0,PERSON,2026-03-17 12:12:52,
Simon,call_20250328_003.wav,81.0,83.0,PERSON,2026-03-17 12:12:52,
Simon,call_20250328_003.wav,46.0,47.0,PERSON,2026-03-17 12:12:52,
Simon,call_20250328_003.wav,36.0,37.0,PERSON,2026-03-17 12:12:52,
Simon,call_20250328_003.wav,34.0,35.0,PERSON,2026-03-17 12:12:52,
Simon,call_20250328_003.wav,23.0,24.0,PERSON,2026-03-17 12:12:52,
Simon,call_20250328_003.wav,173.0,174.0,PERSON,2026-03-17 12:11:08,
Simon,call_20250328_003.wav,169.2,171.0,PERSON,2026-03-17 12:11:08,
Simon,call_20250328_003.wav,163.9,165.0,PERSON,2026-03-17 12:11:08,
Simon,call_20250328_003.wav,149.0,150.0,PERSON,2026-03-17 12:11:08,
Simon,call_20250328_003.wav,140.0,141.0,PERSON,2026-03-17 12:11:08,
Simon,call_20250328_003.wav,135.0,137.0,PERSON,2026-03-17 12:11:08,
Simon,call_20250328_003.wav,111.4,115.0,PERSON,2026-03-17 12:11:08,
Simon,call_20250328_003.wav,81.0,83.0,PERSON,2026-03-17 12:11:08,
Simon,call_20250328_003.wav,46.0,47.0,PERSON,2026-03-17 12:11:08,
Simon,call_20250328_003.wav,36.0,37.0,PERSON,2026-03-17 12:11:08,
Simon,call_20250328_003.wav,34.0,35.0,PERSON,2026-03-17 12:11:08,
Simon,call_20250328_003.wav,23.0,24.0,PERSON,2026-03-17 12:11:08,
Simon,call_20250328_003.wav,173.0,174.0,PERSON,2026-03-17 12:08:30,
Simon,call_20250328_003.wav,168.9,171.0,PERSON,2026-03-17 12:08:30,
Simon,call_20250328_003.wav,163.9,165.0,PERSON,2026-03-17 12:08:30,
Simon,call_20250328_003.wav,149.0,150.0,PERSON,2026-03-17 12:08:30,
Simon,call_20250328_003.wav,140.0,141.0,PERSON,2026-03-17 12:08:30,
Simon,call_20250328_003.wav,135.0,137.0,PERSON,2026-03-17 12:08:30,
Simon,call_20250328_003.wav,111.4,115.0,PERSON,2026-03-17 12:08:30,
Simon,call_20250328_003.wav,81.0,83.0,PERSON,2026-03-17 12:08:30,
Simon,call_20250328_003.wav,46.0,47.0,PERSON,2026-03-17 12:08:30,
Simon,call_20250328_003.wav,36.0,37.0,PERSON,2026-03-17 12:08:30,
Simon,call_20250328_003.wav,34.0,35.0,PERSON,2026-03-17 12:08:30,
Simon,call_20250328_003.wav,23.0,24.0,PERSON,2026-03-17 12:08:30,
Simon,call_20250328_003.wav,173.0,174.0,PERSON,2026-03-17 12:05:03,
Simon,call_20250328_003.wav,169.0,171.0,PERSON,2026-03-17 12:05:03,
Simon,call_20250328_003.wav,163.9,165.0,PERSON,2026-03-17 12:05:03,
Simon,call_20250328_003.wav,149.0,150.0,PERSON,2026-03-17 12:05:03,
Simon,call_20250328_003.wav,140.0,141.0,PERSON,2026-03-17 12:05:03,
Simon,call_20250328_003.wav,135.0,137.0,PERSON,2026-03-17 12:05:03,
Simon,call_20250328_003.wav,111.4,115.0,PERSON,2026-03-17 12:05:03,
Simon,call_20250328_003.wav,81.0,83.0,PERSON,2026-03-17 12:05:03,
Simon,call_20250328_003.wav,46.0,47.0,PERSON,2026-03-17 12:05:03,
Simon,call_20250328_003.wav,36.0,37.0,PERSON,2026-03-17 12:05:03,
Simon,call_20250328_003.wav,34.0,35.0,PERSON,2026-03-17 12:05:03,
Simon,call_20250328_003.wav,23.0,24.0,PERSON,2026-03-17 12:05:03,
Simon,call_20250328_003.wav,173.0,174.0,PERSON,2026-03-17 12:00:53,
Simon,call_20250328_003.wav,169.0,171.0,PERSON,2026-03-17 12:00:53,
Simon,call_20250328_003.wav,164.0,165.0,PERSON,2026-03-17 12:00:53,
Simon,call_20250328_003.wav,149.0,150.0,PERSON,2026-03-17 12:00:53,
Simon,call_20250328_003.wav,140.0,141.0,PERSON,2026-03-17 12:00:53,
Simon,call_20250328_003.wav,135.0,137.0,PERSON,2026-03-17 12:00:53,
Simon,call_20250328_003.wav,111.0,115.0,PERSON,2026-03-17 12:00:53,
Simon,call_20250328_003.wav,81.0,83.0,PERSON,2026-03-17 12:00:53,
Simon,call_20250328_003.wav,46.0,47.0,PERSON,2026-03-17 12:00:53,
Simon,call_20250328_003.wav,36.0,37.0,PERSON,2026-03-17 12:00:53,
Simon,call_20250328_003.wav,34.0,35.0,PERSON,2026-03-17 12:00:53,
Simon,call_20250328_003.wav,23.0,24.0,PERSON,2026-03-17 12:00:53,
Simon,call_20250328_003.wav,173.0,174.0,PERSON,2026-03-17 11:58:01,
Simon,call_20250328_003.wav,169.0,171.0,PERSON,2026-03-17 11:58:01,
Simon,call_20250328_003.wav,164.0,165.0,PERSON,2026-03-17 11:58:01,
Simon,call_20250328_003.wav,149.0,150.0,PERSON,2026-03-17 11:58:01,
Simon,call_20250328_003.wav,140.0,141.0,PERSON,2026-03-17 11:58:01,
Simon,call_20250328_003.wav,135.0,137.0,PERSON,2026-03-17 11:58:01,
Simon,call_20250328_003.wav,111.0,115.0,PERSON,2026-03-17 11:58:01,
Simon,call_20250328_003.wav,81.0,83.0,PERSON,2026-03-17 11:58:01,
Simon,call_20250328_003.wav,46.0,47.0,PERSON,2026-03-17 11:58:01,
Simon,call_20250328_003.wav,36.0,37.0,PERSON,2026-03-17 11:58:01,
Simon,call_20250328_003.wav,34.0,35.0,PERSON,2026-03-17 11:58:01,
Simon,call_20250328_003.wav,22.0,23.0,PERSON,2026-03-17 11:58:01,
Simon,call_20250409_002.wav,270.8,273.0,LOCATION,2026-03-17 11:41:10,
Simon,call_20250409_002.wav,269.0,270.0,LOCATION,2026-03-17 11:41:10,
Simon,call_20250409_002.wav,199.6,201.0,PERSON,2026-03-17 11:41:10,
Simon,call_20250409_002.wav,197.5,198.9,PERSON,2026-03-17 11:41:10,
Simon,call_20250409_002.wav,192.8,193.8,PERSON,2026-03-17 11:41:10,
Simon,call_20250409_002.wav,271.0,273.0,LOCATION,2026-03-17 11:38:35,
Simon,call_20250409_002.wav,269.0,270.0,LOCATION,2026-03-17 11:38:35,
Simon,call_20250409_002.wav,199.6,201.0,PERSON,2026-03-17 11:38:35,
Simon,call_20250409_002.wav,197.5,198.9,PERSON,2026-03-17 11:38:35,
Simon,call_20250409_002.wav,192.8,193.8,PERSON,2026-03-17 11:38:35,
Simon,call_20250409_002.wav,270.8,273.0,LOCATION,2026-03-17 11:35:56,
Simon,call_20250409_002.wav,269.0,270.0,LOCATION,2026-03-17 11:35:56,
Simon,call_20250409_002.wav,199.8,201.0,PERSON,2026-03-17 11:35:56,
Simon,call_20250409_002.wav,197.5,198.9,PERSON,2026-03-17 11:35:56,
Simon,call_20250409_002.wav,192.8,193.8,PERSON,2026-03-17 11:35:56,
Simon,call_20250409_002.wav,270.8,273.0,LOCATION,2026-03-17 11:34:34,
Simon,call_20250409_002.wav,269.0,270.0,LOCATION,2026-03-17 11:34:34,
Simon,call_20250409_002.wav,199.0,201.0,PERSON,2026-03-17 11:34:34,
Simon,call_20250409_002.wav,197.5,198.9,PERSON,2026-03-17 11:34:34,
Simon,call_20250409_002.wav,192.8,193.8,PERSON,2026-03-17 11:34:34,
Simon,call_20250409_002.wav,271.0,273.0,LOCATION,2026-03-17 11:31:10,
Simon,call_20250409_002.wav,269.0,270.0,LOCATION,2026-03-17 11:31:10,
Simon,call_20250409_002.wav,200.0,201.0,PERSON,2026-03-17 11:31:10,
Simon,call_20250409_002.wav,198.0,198.9,PERSON,2026-03-17 11:31:10,
Simon,call_20250409_002.wav,193.0,193.8,PERSON,2026-03-17 11:31:10,
,call_20250415_006.wav,142.7,143.7,LOCATION,2026-03-17 11:14:00,
,call_20250415_006.wav,137.1,138.9,LOCATION,2026-03-17 11:14:00,
,call_20250415_006.wav,126.0,128.0,LOCATION,2026-03-17 11:14:00,
,call_20250415_006.wav,124.0,125.9,LOCATION,2026-03-17 11:14:00,
,call_20250415_006.wav,122.1,123.8,LOCATION,2026-03-17 11:14:00,
,call_20250415_006.wav,118.0,119.0,LOCATION,2026-03-17 11:14:00,
,call_20250415_006.wav,142.7,143.7,LOCATION,2026-03-17 11:11:11,
,call_20250415_006.wav,137.1,138.9,LOCATION,2026-03-17 11:11:11,
,call_20250415_006.wav,126.0,128.0,LOCATION,2026-03-17 11:11:11,
,call_20250415_006.wav,124.0,125.9,LOCATION,2026-03-17 11:11:11,
,call_20250415_006.wav,122.7,123.8,LOCATION,2026-03-17 11:11:11,
,call_20250415_006.wav,118.0,119.0,LOCATION,2026-03-17 11:11:11,
,call_20250415_006.wav,142.7,143.7,LOCATION,2026-03-17 11:10:54,
,call_20250415_006.wav,137.2,138.9,LOCATION,2026-03-17 11:10:54,
,call_20250415_006.wav,126.0,128.0,LOCATION,2026-03-17 11:10:54,
,call_20250415_006.wav,124.0,125.9,LOCATION,2026-03-17 11:10:54,
,call_20250415_006.wav,122.7,123.8,LOCATION,2026-03-17 11:10:54,
,call_20250415_006.wav,118.0,119.0,LOCATION,2026-03-17 11:10:54,
,call_20250415_006.wav,142.7,143.7,LOCATION,2026-03-17 11:05:07,
,call_20250415_006.wav,137.2,138.9,LOCATION,2026-03-17 11:05:07,
,call_20250415_006.wav,126.0,128.0,LOCATION,2026-03-17 11:05:07,
,call_20250415_006.wav,124.0,125.9,LOCATION,2026-03-17 11:05:07,
,call_20250415_006.wav,122.8,123.8,LOCATION,2026-03-17 11:05:07,
,call_20250415_006.wav,118.0,119.0,LOCATION,2026-03-17 11:05:07,
,call_20250415_006.wav,142.7,143.7,LOCATION,2026-03-17 11:03:17,
,call_20250415_006.wav,137.2,138.9,LOCATION,2026-03-17 11:03:17,
,call_20250415_006.wav,126.0,128.0,LOCATION,2026-03-17 11:03:17,
,call_20250415_006.wav,124.0,125.9,LOCATION,2026-03-17 11:03:17,
,call_20250415_006.wav,122.0,123.8,LOCATION,2026-03-17 11:03:17,
,call_20250415_006.wav,118.0,119.0,LOCATION,2026-03-17 11:03:17,
,call_20250415_006.wav,142.8,143.7,LOCATION,2026-03-17 11:01:38,
,call_20250415_006.wav,137.2,138.9,LOCATION,2026-03-17 11:01:38,
,call_20250415_006.wav,126.0,128.0,LOCATION,2026-03-17 11:01:38,
,call_20250415_006.wav,124.0,125.9,LOCATION,2026-03-17 11:01:38,
,call_20250415_006.wav,122.0,123.8,LOCATION,2026-03-17 11:01:38,
,call_20250415_006.wav,118.0,119.0,LOCATION,2026-03-17 11:01:38,
,call_20250415_006.wav,142.8,143.7,LOCATION,2026-03-17 11:01:12,
,call_20250415_006.wav,137.5,138.9,LOCATION,2026-03-17 11:01:12,
,call_20250415_006.wav,126.0,128.0,LOCATION,2026-03-17 11:01:12,
,call_20250415_006.wav,124.0,125.9,LOCATION,2026-03-17 11:01:12,
,call_20250415_006.wav,122.0,123.8,LOCATION,2026-03-17 11:01:12,
,call_20250415_006.wav,118.0,119.0,LOCATION,2026-03-17 11:01:12,
,call_20250415_006.wav,143.2,143.7,LOCATION,2026-03-17 11:00:05,
,call_20250415_006.wav,137.5,138.9,LOCATION,2026-03-17 11:00:05,
,call_20250415_006.wav,126.0,128.0,LOCATION,2026-03-17 11:00:05,
,call_20250415_006.wav,124.0,125.9,LOCATION,2026-03-17 11:00:05,
,call_20250415_006.wav,122.0,123.8,LOCATION,2026-03-17 11:00:05,
,call_20250415_006.wav,118.0,119.0,LOCATION,2026-03-17 11:00:05,
,call_20250415_006.wav,142.0,143.7,LOCATION,2026-03-17 10:58:09,
,call_20250415_006.wav,137.5,138.9,LOCATION,2026-03-17 10:58:09,
,call_20250415_006.wav,126.0,128.0,LOCATION,2026-03-17 10:58:09,
,call_20250415_006.wav,124.0,125.9,LOCATION,2026-03-17 10:58:09,
,call_20250415_006.wav,122.0,123.8,LOCATION,2026-03-17 10:58:09,
,call_20250415_006.wav,118.0,119.0,LOCATION,2026-03-17 10:58:09,
,call_20250415_006.wav,143.5,143.7,LOCATION,2026-03-17 10:55:14,
,call_20250415_006.wav,138.5,138.9,LOCATION,2026-03-17 10:55:14,
,call_20250415_006.wav,126.0,128.0,LOCATION,2026-03-17 10:55:14,
,call_20250415_006.wav,124.0,125.9,LOCATION,2026-03-17 10:55:14,
,call_20250415_006.wav,122.0,123.8,LOCATION,2026-03-17 10:55:14,
,call_20250415_006.wav,118.0,119.0,LOCATION,2026-03-17 10:55:14,
,call_20250415_006.wav,142.0,143.7,LOCATION,2026-03-17 10:51:56,
,call_20250415_006.wav,138.0,138.9,LOCATION,2026-03-17 10:51:56,
,call_20250415_006.wav,126.0,128.0,LOCATION,2026-03-17 10:51:56,
,call_20250415_006.wav,124.0,125.9,LOCATION,2026-03-17 10:51:56,
,call_20250415_006.wav,122.0,123.8,LOCATION,2026-03-17 10:51:56,
,call_20250415_006.wav,118.0,119.0,LOCATION,2026-03-17 10:51:56,
,call_20250415_006.wav,142.0,143.7,LOCATION,2026-03-17 10:49:43,
,call_20250415_006.wav,138.0,138.9,LOCATION,2026-03-17 10:49:43,
,call_20250415_006.wav,126.0,128.0,LOCATION,2026-03-17 10:49:43,
,call_20250415_006.wav,124.0,125.9,LOCATION,2026-03-17 10:49:43,
,call_20250415_006.wav,122.0,1238.0,LOCATION,2026-03-17 10:49:43,
,call_20250415_006.wav,118.0,119.0,LOCATION,2026-03-17 10:49:43,
,call_20250415_006.wav,142.0,143.0,LOCATION,2026-03-17 10:46:13,
,call_20250415_006.wav,138.0,138.9,LOCATION,2026-03-17 10:46:13,
,call_20250415_006.wav,126.0,128.0,LOCATION,2026-03-17 10:46:13,
,call_20250415_006.wav,125.0,125.9,LOCATION,2026-03-17 10:46:13,
,call_20250415_006.wav,123.0,124.0,LOCATION,2026-03-17 10:46:13,
,call_20250415_006.wav,118.0,119.0,LOCATION,2026-03-17 10:46:13,
Simon,call_20250424_003.wav,55.0,56.0,PERSON,2026-03-17 10:29:34,
Simon,call_20250424_003.wav,31.8,33.0,PERSON,2026-03-17 10:29:34,
Simon,call_20250424_003.wav,24.8,26.5,PERSON,2026-03-17 10:29:34,
Simon,call_20250424_003.wav,22.0,23.8,PERSON,2026-03-17 10:29:34,
Simon,call_20250424_003.wav,55.0,56.0,PERSON,2026-03-17 10:27:55,
Simon,call_20250424_003.wav,31.8,33.0,PERSON,2026-03-17 10:27:55,
Simon,call_20250424_003.wav,24.8,26.0,PERSON,2026-03-17 10:27:55,
Simon,call_20250424_003.wav,22.0,23.8,PERSON,2026-03-17 10:27:55,
Simon,call_20250424_003.wav,55.0,56.0,PERSON,2026-03-17 10:25:47,
Simon,call_20250424_003.wav,32.0,33.0,PERSON,2026-03-17 10:25:47,
Simon,call_20250424_003.wav,25.0,26.0,PERSON,2026-03-17 10:25:47,
Simon,call_20250424_003.wav,22.0,23.8,PERSON,2026-03-17 10:25:47,
Simon,call_20250429_005.wav,68.0,69.0,PERSON,2026-03-17 10:08:42,
Simon,call_20250429_005.wav,66.0,67.0,PERSON,2026-03-17 10:08:42,
Simon,call_20250429_005.wav,63.0,63.9,PERSON,2026-03-17 10:08:42,
Simon,call_20250429_005.wav,68.0,69.0,PERSON,2026-03-17 10:06:04,
Simon,call_20250429_005.wav,66.0,67.0,PERSON,2026-03-17 10:06:04,
Simon,call_20250429_005.wav,62.0,63.0,PERSON,2026-03-17 10:06:04,
Simon,call_20250429_006.wav,252.6,253.9,PERSON,2026-03-17 09:50:54,
Simon,call_20250429_006.wav,249.6,251.0,PERSON,2026-03-17 09:50:54,
Simon,call_20250429_006.wav,31.0,33.0,PERSON,2026-03-17 09:50:54,
Simon,call_20250429_006.wav,20.0,22.0,PERSON,2026-03-17 09:50:54,
Simon,call_20250429_006.wav,253.0,253.9,PERSON,2026-03-17 09:47:53,
Simon,call_20250429_006.wav,250.0,251.0,PERSON,2026-03-17 09:47:53,
Simon,call_20250429_006.wav,31.0,33.0,PERSON,2026-03-17 09:47:53,
Simon,call_20250429_006.wav,20.0,22.0,PERSON,2026-03-17 09:47:53,
Simon,call_20250429_006.wav,253.0,253.9,PERSON,2026-03-17 09:43:30,
Simon,call_20250429_006.wav,250.0,251.0,PERSON,2026-03-17 09:43:30,
Simon,call_20250429_006.wav,31.0,32.0,PERSON,2026-03-17 09:43:30,
Simon,call_20250429_006.wav,20.0,22.0,PERSON,2026-03-17 09:43:30,
Simon,call_20250429_006.wav,253.0,253.9,PERSON,2026-03-17 09:42:13,
Simon,call_20250429_006.wav,250.0,251.0,PERSON,2026-03-17 09:42:13,
Simon,call_20250429_006.wav,32.0,33.0,PERSON,2026-03-17 09:42:13,
Simon,call_20250429_006.wav,21.0,22.0,PERSON,2026-03-17 09:42:13,
Simon,call_20250429_007.wav,31.1,31.9,PERSON,2026-03-17 09:13:07,
Simon,call_20250429_007.wav,27.8,29.0,PERSON,2026-03-17 09:13:07,
Simon,call_20250429_007.wav,25.79,27.0,PERSON,2026-03-17 09:13:07,
Simon,call_20250429_007.wav,31.1,31.9,PERSON,2026-03-17 09:12:41,
Simon,call_20250429_007.wav,27.8,29.0,PERSON,2026-03-17 09:12:41,
Simon,call_20250429_007.wav,25.78,27.0,PERSON,2026-03-17 09:12:41,
Simon,call_20250429_007.wav,31.1,31.9,PERSON,2026-03-17 09:10:53,
Simon,call_20250429_007.wav,27.8,29.0,PERSON,2026-03-17 09:10:53,
Simon,call_20250429_007.wav,25.8,27.0,PERSON,2026-03-17 09:10:53,
Simon,call_20250429_007.wav,30.9,31.9,PERSON,2026-03-17 09:10:31,
Simon,call_20250429_007.wav,27.8,29.0,PERSON,2026-03-17 09:10:31,
Simon,call_20250429_007.wav,25.8,27.0,PERSON,2026-03-17 09:10:31,
Simon,call_20250429_007.wav,30.5,31.9,PERSON,2026-03-17 09:09:13,
Simon,call_20250429_007.wav,27.8,29.0,PERSON,2026-03-17 09:09:13,
Simon,call_20250429_007.wav,25.5,27.0,PERSON,2026-03-17 09:09:13,
Simon,call_20250429_007.wav,31.5,31.9,PERSON,2026-03-17 09:07:53,
Simon,call_20250429_007.wav,28.0,29.0,PERSON,2026-03-17 09:07:53,
Simon,call_20250429_007.wav,25.8,27.0,PERSON,2026-03-17 09:07:53,
Simon,call_20250429_007.wav,31.5,31.9,PERSON,2026-03-17 09:07:16,
Simon,call_20250429_007.wav,28.0,29.0,PERSON,2026-03-17 09:07:16,
Simon,call_20250429_007.wav,25.8,27.0,PERSON,2026-03-17 09:07:16,
Simon,call_20250429_007.wav,31.0,31.9,PERSON,2026-03-17 08:57:09,
Simon,call_20250429_007.wav,27.8,28.0,PERSON,2026-03-17 08:57:09,
Simon,call_20250429_007.wav,26.0,269.0,PERSON,2026-03-17 08:57:09,
Simon,call_20250429_007.wav,31.0,31.9,PERSON,2026-03-17 08:56:04,
Simon,call_20250429_007.wav,27.0,28.0,PERSON,2026-03-17 08:56:04,
Simon,call_20250429_007.wav,25.0,26.0,PERSON,2026-03-17 08:56:04,
Simon,call_20250429_007.wav,31.0,31.9,PERSON,2026-03-17 08:54:56,
Simon,call_20250429_007.wav,28.0,28.9,PERSON,2026-03-17 08:54:56,
Simon,call_20250429_007.wav,26.0,27.0,PERSON,2026-03-17 08:54:56,
Simon,call_20250505_002.wav,30.2,31.0,PERSON,2026-03-17 08:46:42,
Simon,call_20250505_002.wav,30.1,31.0,PERSON,2026-03-17 08:46:11,
Simon,call_20250505_002.wav,29.9,31.0,PERSON,2026-03-17 08:45:38,
Simon,call_20250505_002.wav,30.4,31.0,PERSON,2026-03-17 08:44:55,
Simon,call_20250505_002.wav,29.5,31.0,PERSON,2026-03-17 08:44:16,
Simon,call_20250505_002.wav,30.0,31.0,PERSON,2026-03-17 08:43:39,
Simon,call_20250505_002.wav,30.0,31.0,PERSON,2026-03-17 08:43:33,
Simon,call_20250505_002.wav,30.6,31.0,PERSON,2026-03-17 08:42:59,
Simon,call_20250505_002.wav,30.6,31.0,PERSON,2026-03-17 08:41:10,
Chris,call_20250303_010.wav,60.5,61.2,PERSON,2026-03-17 08:13:16,
Chris,call_20250303_010.wav,57.9,58.6,PERSON,2026-03-17 08:13:16,
Chris,call_20250303_010.wav,60.5,61.1,PERSON,2026-03-17 08:12:51,
Chris,call_20250303_010.wav,57.9,58.6,PERSON,2026-03-17 08:12:51,
Chris,call_20250303_010.wav,60.5,61.0,PERSON,2026-03-17 08:11:54,
Chris,call_20250303_010.wav,57.9,58.6,PERSON,2026-03-17 08:11:54,
Chris,call_20250303_010.wav,60.5,61.1,PERSON,2026-03-17 08:11:50,
Chris,call_20250303_010.wav,57.9,58.6,PERSON,2026-03-17 08:11:50,
Chris,call_20250303_010.wav,60.5,61.15,PERSON,2026-03-17 08:11:23,
Chris,call_20250303_010.wav,57.9,58.6,PERSON,2026-03-17 08:11:23,
Chris,call_20250303_010.wav,60.5,61.4,PERSON,2026-03-17 08:10:21,
Chris,call_20250303_010.wav,57.9,58.6,PERSON,2026-03-17 08:10:21,
Chris,call_20250303_010.wav,60.5,61.7,PERSON,2026-03-17 08:09:30,
Chris,call_20250303_010.wav,57.5,58.2,PERSON,2026-03-17 08:09:30,
Chris,call_20250303_010.wav,60.5,61.7,PERSON,2026-03-17 08:08:16,
Chris,call_20250303_010.wav,58.5,60.2,PERSON,2026-03-17 08:08:16,
Chris,call_20250304_003.wav,73.0,73.7,PERSON,2026-03-17 08:03:35,
Chris,call_20250304_003.wav,69.25,69.9,PERSON,2026-03-17 08:03:35,
Chris,call_20250304_003.wav,62.9,63.5,PERSON,2026-03-17 08:03:35,
Chris,call_20250304_003.wav,73.0,73.7,PERSON,2026-03-17 08:03:20,
Chris,call_20250304_003.wav,69.25,69.9,PERSON,2026-03-17 08:03:20,
Chris,call_20250304_003.wav,62.9,63.5,PERSON,2026-03-17 08:03:20,
Chris,call_20250304_003.wav,73.1,73.7,PERSON,2026-03-17 08:02:51,
Chris,call_20250304_003.wav,69.25,69.9,PERSON,2026-03-17 08:02:51,
Chris,call_20250304_003.wav,62.9,63.5,PERSON,2026-03-17 08:02:51,
Chris,call_20250304_003.wav,73.0,73.6,PERSON,2026-03-17 08:01:22,
Chris,call_20250304_003.wav,69.25,69.9,PERSON,2026-03-17 08:01:22,
Chris,call_20250304_003.wav,62.9,63.5,PERSON,2026-03-17 08:01:22,
Chris,call_20250304_003.wav,73.0,73.5,PERSON,2026-03-17 08:00:34,
Chris,call_20250304_003.wav,69.25,69.9,PERSON,2026-03-17 08:00:34,
Chris,call_20250304_003.wav,62.9,63.5,PERSON,2026-03-17 08:00:34,
Chris,call_20250304_003.wav,73.3,73.9,PERSON,2026-03-17 07:59:31,
Chris,call_20250304_003.wav,69.25,69.9,PERSON,2026-03-17 07:59:31,
Chris,call_20250304_003.wav,62.9,63.6,PERSON,2026-03-17 07:59:31,
Chris,call_20250304_003.wav,73.2,73.9,PERSON,2026-03-17 07:58:42,
Chris,call_20250304_003.wav,69.25,69.9,PERSON,2026-03-17 07:58:42,
Chris,call_20250304_003.wav,62.8,63.6,PERSON,2026-03-17 07:58:42,
Chris,call_20250304_003.wav,69.2,69.9,PERSON,2026-03-17 07:56:57,
Chris,call_20250304_003.wav,63.2,63.9,PERSON,2026-03-17 07:56:57,
Chris,call_20250305_001.wav,29.7,31.3,PERSON,2026-03-15 06:20:21,
Chris,call_20250305_001.wav,29.75,31.3,PERSON,2026-03-15 06:20:16,
Chris,call_20250305_001.wav,29.85,31.3,PERSON,2026-03-15 06:19:48,
Chris,call_20250305_001.wav,29.85,31.3,PERSON,2026-03-15 06:19:21,
Chris,call_20250305_001.wav,30.0,31.5,PERSON,2026-03-15 06:17:43,
Chris,call_20250305_001.wav,30.5,32.0,PERSON,2026-03-15 06:16:37,
Chris,call_20250305_002.wav,436.2,436.9,PERSON,2026-03-15 05:57:58,
Chris,call_20250305_002.wav,446.75,447.7,PERSON,2026-03-15 05:57:58,
Chris,call_20250305_002.wav,441.3,442.0,PERSON,2026-03-15 05:57:58,
Chris,call_20250305_002.wav,439.2,440.0,PERSON,2026-03-15 05:57:58,
Chris,call_20250305_002.wav,154.75,155.4,LOCATION,2026-03-15 05:57:58,
Chris,call_20250305_002.wav,150.0,152.9,LOCATION,2026-03-15 05:57:58,
Chris,call_20250305_002.wav,37.0,40.0,PERSON,2026-03-15 05:57:58,
Chris,call_20250305_002.wav,436.2,436.9,PERSON,2026-03-15 05:56:21,
Chris,call_20250305_002.wav,446.6,447.3,PERSON,2026-03-15 05:56:21,
Chris,call_20250305_002.wav,441.3,442.0,PERSON,2026-03-15 05:56:21,
Chris,call_20250305_002.wav,439.2,440.0,PERSON,2026-03-15 05:56:21,
Chris,call_20250305_002.wav,154.75,155.4,LOCATION,2026-03-15 05:56:21,
Chris,call_20250305_002.wav,150.0,152.9,LOCATION,2026-03-15 05:56:21,
Chris,call_20250305_002.wav,37.0,40.0,PERSON,2026-03-15 05:56:21,
Chris,call_20250305_002.wav,436.2,436.9,PERSON,2026-03-15 05:54:41,
Chris,call_20250305_002.wav,447.6,448.3,PERSON,2026-03-15 05:54:41,
Chris,call_20250305_002.wav,441.3,442.0,PERSON,2026-03-15 05:54:41,
Chris,call_20250305_002.wav,439.4,440.4,PERSON,2026-03-15 05:54:41,
Chris,call_20250305_002.wav,154.75,155.4,LOCATION,2026-03-15 05:54:41,
Chris,call_20250305_002.wav,150.0,152.9,LOCATION,2026-03-15 05:54:41,
Chris,call_20250305_002.wav,37.0,40.0,PERSON,2026-03-15 05:54:41,
Chris,call_20250305_002.wav,436.6,437.2,PERSON,2026-03-15 05:51:57,
Chris,call_20250305_002.wav,448.5,449.3,PERSON,2026-03-15 05:51:57,
Chris,call_20250305_002.wav,441.4,442.0,PERSON,2026-03-15 05:51:57,
Chris,call_20250305_002.wav,439.4,440.4,PERSON,2026-03-15 05:51:57,
Chris,call_20250305_002.wav,154.75,155.4,LOCATION,2026-03-15 05:51:57,
Chris,call_20250305_002.wav,150.1,152.9,LOCATION,2026-03-15 05:51:57,
Chris,call_20250305_002.wav,37.0,40.0,PERSON,2026-03-15 05:51:57,
Chris,call_20250305_002.wav,435.6,446.2,PERSON,2026-03-15 05:48:16,
Chris,call_20250305_002.wav,448.5,449.3,PERSON,2026-03-15 05:48:16,
Chris,call_20250305_002.wav,441.4,442.0,PERSON,2026-03-15 05:48:16,
Chris,call_20250305_002.wav,439.4,440.4,PERSON,2026-03-15 05:48:16,
Chris,call_20250305_002.wav,154.75,155.65,LOCATION,2026-03-15 05:48:16,
Chris,call_20250305_002.wav,150.1,152.9,LOCATION,2026-03-15 05:48:16,
Chris,call_20250305_002.wav,37.0,40.0,PERSON,2026-03-15 05:48:16,
Chris,call_20250305_002.wav,448.5,449.3,PERSON,2026-03-15 05:36:56,
Chris,call_20250305_002.wav,441.7,442.4,PERSON,2026-03-15 05:36:56,
Chris,call_20250305_002.wav,439.4,440.4,PERSON,2026-03-15 05:36:56,
Chris,call_20250305_002.wav,155.0,155.8,LOCATION,2026-03-15 05:36:56,
Chris,call_20250305_002.wav,150.4,153.0,LOCATION,2026-03-15 05:36:56,
Chris,call_20250305_002.wav,37.0,40.0,PERSON,2026-03-15 05:36:56,
Chris,call_20250312_001.wav,38.0,39.0,PERSON,2026-03-15 05:14:59,
Chris,call_20250312_001.wav,24.0,24.5,PERSON,2026-03-15 05:14:59,
Chris,call_20250312_001.wav,38.0,39.0,PERSON,2026-03-15 05:14:23,
Chris,call_20250312_001.wav,23.9,245.0,PERSON,2026-03-15 05:14:23,
Chris,call_20250312_001.wav,38.3,39.3,PERSON,2026-03-15 05:13:22,
Chris,call_20250312_001.wav,24.3,25.1,PERSON,2026-03-15 05:13:22,
Chris,call_20250312_003.wav,216.6,217.2,LOCATION,2026-03-14 15:19:27,
Chris,call_20250312_003.wav,80.9,82.0,LOCATION,2026-03-14 15:19:27,
Chris,call_20250312_003.wav,76.75,79.0,LOCATION,2026-03-14 15:19:27,
Chris,call_20250312_003.wav,75.0,75.6,LOCATION,2026-03-14 15:19:27,
Chris,call_20250312_003.wav,69.4,70.2,LOCATION,2026-03-14 15:19:27,
Chris,call_20250312_003.wav,65.7,67.2,LOCATION,2026-03-14 15:19:27,
Chris,call_20250312_003.wav,58.1,58.7,LOCATION,2026-03-14 15:19:27,
Chris,call_20250312_003.wav,50.7,51.6,LOCATION,2026-03-14 15:19:27,
Chris,call_20250312_003.wav,48.2,49.0,LOCATION,2026-03-14 15:19:27,
Chris,call_20250312_003.wav,46.15,47.1,LOCATION,2026-03-14 15:19:27,
Chris,call_20250312_003.wav,27.2,28.0,PERSON,2026-03-14 15:19:27,
Chris,call_20250312_003.wav,23.0,24.0,PERSON,2026-03-14 15:19:27,
Chris,call_20250312_003.wav,216.6,217.2,LOCATION,2026-03-14 15:17:43,
Chris,call_20250312_003.wav,80.9,82.0,LOCATION,2026-03-14 15:17:43,
Chris,call_20250312_003.wav,76.75,79.0,LOCATION,2026-03-14 15:17:43,
Chris,call_20250312_003.wav,75.0,75.85,LOCATION,2026-03-14 15:17:43,
Chris,call_20250312_003.wav,69.4,70.2,LOCATION,2026-03-14 15:17:43,
Chris,call_20250312_003.wav,65.8,67.2,LOCATION,2026-03-14 15:17:43,
Chris,call_20250312_003.wav,58.1,58.7,LOCATION,2026-03-14 15:17:43,
Chris,call_20250312_003.wav,50.7,51.6,LOCATION,2026-03-14 15:17:43,
Chris,call_20250312_003.wav,48.2,49.1,LOCATION,2026-03-14 15:17:43,
Chris,call_20250312_003.wav,46.15,47.1,LOCATION,2026-03-14 15:17:43,
Chris,call_20250312_003.wav,27.2,28.0,PERSON,2026-03-14 15:17:43,
Chris,call_20250312_003.wav,23.0,24.0,PERSON,2026-03-14 15:17:43,
Chris,call_20250312_003.wav,216.6,217.2,LOCATION,2026-03-14 15:15:52,
Chris,call_20250312_003.wav,80.9,82.0,LOCATION,2026-03-14 15:15:52,
Chris,call_20250312_003.wav,76.75,79.25,LOCATION,2026-03-14 15:15:52,
Chris,call_20250312_003.wav,75.0,76.0,LOCATION,2026-03-14 15:15:52,
Chris,call_20250312_003.wav,69.4,70.3,LOCATION,2026-03-14 15:15:52,
Chris,call_20250312_003.wav,65.8,67.2,LOCATION,2026-03-14 15:15:52,
Chris,call_20250312_003.wav,58.1,59.0,LOCATION,2026-03-14 15:15:52,
Chris,call_20250312_003.wav,50.7,51.6,LOCATION,2026-03-14 15:15:52,
Chris,call_20250312_003.wav,48.2,49.1,LOCATION,2026-03-14 15:15:52,
Chris,call_20250312_003.wav,46.15,47.1,LOCATION,2026-03-14 15:15:52,
Chris,call_20250312_003.wav,27.2,28.0,PERSON,2026-03-14 15:15:52,
Chris,call_20250312_003.wav,23.0,24.0,PERSON,2026-03-14 15:15:52,
Chris,call_20250312_003.wav,216.6,217.2,LOCATION,2026-03-14 15:15:32,
Chris,call_20250312_003.wav,80.9,82.0,LOCATION,2026-03-14 15:15:32,
Chris,call_20250312_003.wav,76.75,79.25,LOCATION,2026-03-14 15:15:32,
Chris,call_20250312_003.wav,75.0,76.0,LOCATION,2026-03-14 15:15:32,
Chris,call_20250312_003.wav,69.4,70.3,LOCATION,2026-03-14 15:15:32,
Chris,call_20250312_003.wav,65.8,67.2,LOCATION,2026-03-14 15:15:32,
Chris,call_20250312_003.wav,58.1,59.0,LOCATION,2026-03-14 15:15:32,
Chris,call_20250312_003.wav,50.7,51.6,LOCATION,2026-03-14 15:15:32,
Chris,call_20250312_003.wav,48.2,49.1,LOCATION,2026-03-14 15:15:32,
Chris,call_20250312_003.wav,46.15,47.1,LOCATION,2026-03-14 15:15:32,
Chris,call_20250312_003.wav,27.2,28.0,PERSON,2026-03-14 15:15:32,
Chris,call_20250312_003.wav,23.0,24.0,PERSON,2026-03-14 15:15:32,
Chris,call_20250312_003.wav,216.6,217.2,LOCATION,2026-03-14 15:13:59,
Chris,call_20250312_003.wav,80.9,82.0,LOCATION,2026-03-14 15:13:59,
Chris,call_20250312_003.wav,76.75,79.5,LOCATION,2026-03-14 15:13:59,
Chris,call_20250312_003.wav,75.0,76.3,LOCATION,2026-03-14 15:13:59,
Chris,call_20250312_003.wav,69.4,70.3,LOCATION,2026-03-14 15:13:59,
Chris,call_20250312_003.wav,65.9,67.2,LOCATION,2026-03-14 15:13:59,
Chris,call_20250312_003.wav,58.1,59.0,LOCATION,2026-03-14 15:13:59,
Chris,call_20250312_003.wav,50.7,51.6,LOCATION,2026-03-14 15:13:59,
Chris,call_20250312_003.wav,48.2,49.1,LOCATION,2026-03-14 15:13:59,
Chris,call_20250312_003.wav,46.15,47.1,LOCATION,2026-03-14 15:13:59,
Chris,call_20250312_003.wav,27.2,28.0,PERSON,2026-03-14 15:13:59,
Chris,call_20250312_003.wav,23.0,24.0,PERSON,2026-03-14 15:13:59,
Chris,call_20250312_003.wav,216.6,217.2,LOCATION,2026-03-14 15:10:36,
Chris,call_20250312_003.wav,80.9,82.0,LOCATION,2026-03-14 15:10:36,
Chris,call_20250312_003.wav,76.9,79.5,LOCATION,2026-03-14 15:10:36,
Chris,call_20250312_003.wav,75.1,76.3,LOCATION,2026-03-14 15:10:36,
Chris,call_20250312_003.wav,69.5,70.3,LOCATION,2026-03-14 15:10:36,
Chris,call_20250312_003.wav,65.9,67.2,LOCATION,2026-03-14 15:10:36,
Chris,call_20250312_003.wav,58.1,59.0,LOCATION,2026-03-14 15:10:36,
Chris,call_20250312_003.wav,50.7,51.6,LOCATION,2026-03-14 15:10:36,
Chris,call_20250312_003.wav,48.2,49.1,LOCATION,2026-03-14 15:10:36,
Chris,call_20250312_003.wav,46.15,47.1,LOCATION,2026-03-14 15:10:36,
Chris,call_20250312_003.wav,27.2,28.0,PERSON,2026-03-14 15:10:36,
Chris,call_20250312_003.wav,23.0,24.0,PERSON,2026-03-14 15:10:36,
Chris,call_20250312_003.wav,216.75,217.3,LOCATION,2026-03-14 14:44:12,
Chris,call_20250312_003.wav,81.0,82.0,LOCATION,2026-03-14 14:44:12,
Chris,call_20250312_003.wav,77.1,79.5,LOCATION,2026-03-14 14:44:12,
Chris,call_20250312_003.wav,75.25,76.3,LOCATION,2026-03-14 14:44:12,
Chris,call_20250312_003.wav,69.5,70.3,LOCATION,2026-03-14 14:44:12,
Chris,call_20250312_003.wav,65.9,67.2,LOCATION,2026-03-14 14:44:12,
Chris,call_20250312_003.wav,58.1,59.0,LOCATION,2026-03-14 14:44:12,
Chris,call_20250312_003.wav,50.8,51.7,LOCATION,2026-03-14 14:44:12,
Chris,call_20250312_003.wav,48.2,49.1,LOCATION,2026-03-14 14:44:12,
Chris,call_20250312_003.wav,46.15,47.1,LOCATION,2026-03-14 14:44:12,
Chris,call_20250312_003.wav,27.2,28.0,PERSON,2026-03-14 14:44:12,
Chris,call_20250312_003.wav,23.0,24.0,PERSON,2026-03-14 14:44:12,
Chris,call_20250312_003.wav,216.75,217.3,LOCATION,2026-03-14 14:43:05,
Chris,call_20250312_003.wav,81.0,82.0,LOCATION,2026-03-14 14:43:05,
Chris,call_20250312_003.wav,77.1,79.5,LOCATION,2026-03-14 14:43:05,
Chris,call_20250312_003.wav,75.25,76.3,LOCATION,2026-03-14 14:43:05,
Chris,call_20250312_003.wav,69.5,70.3,LOCATION,2026-03-14 14:43:05,
Chris,call_20250312_003.wav,58.1,59.0,LOCATION,2026-03-14 14:43:05,
Chris,call_20250312_003.wav,50.8,51.7,LOCATION,2026-03-14 14:43:05,
Chris,call_20250312_003.wav,48.2,49.1,LOCATION,2026-03-14 14:43:05,
Chris,call_20250312_003.wav,46.15,47.1,LOCATION,2026-03-14 14:43:05,
Chris,call_20250312_003.wav,27.2,28.0,PERSON,2026-03-14 14:43:05,
Chris,call_20250312_003.wav,23.0,24.0,PERSON,2026-03-14 14:43:05,
Chris,call_20250312_003.wav,216.75,217.3,LOCATION,2026-03-14 14:39:22,
Chris,call_20250312_003.wav,81.3,82.0,LOCATION,2026-03-14 14:39:22,
Chris,call_20250312_003.wav,77.3,79.5,LOCATION,2026-03-14 14:39:22,
Chris,call_20250312_003.wav,75.4,76.3,LOCATION,2026-03-14 14:39:22,
Chris,call_20250312_003.wav,69.6,70.3,LOCATION,2026-03-14 14:39:22,
Chris,call_20250312_003.wav,66.0,67.2,LOCATION,2026-03-14 14:39:22,
Chris,call_20250312_003.wav,58.2,59.0,LOCATION,2026-03-14 14:39:22,
Chris,call_20250312_003.wav,50.9,51.7,LOCATION,2026-03-14 14:39:22,
Chris,call_20250312_003.wav,48.2,49.1,LOCATION,2026-03-14 14:39:22,
Chris,call_20250312_003.wav,46.2,47.1,LOCATION,2026-03-14 14:39:22,
Chris,call_20250312_003.wav,27.25,28.0,PERSON,2026-03-14 14:39:22,
Chris,call_20250312_003.wav,23.25,24.0,PERSON,2026-03-14 14:39:22,
Chris,call_20250312_003.wav,216.75,217.3,LOCATION,2026-03-14 14:37:29,
Chris,call_20250312_003.wav,81.3,82.0,LOCATION,2026-03-14 14:37:29,
Chris,call_20250312_003.wav,77.3,79.5,LOCATION,2026-03-14 14:37:29,
Chris,call_20250312_003.wav,75.4,76.3,LOCATION,2026-03-14 14:37:29,
Chris,call_20250312_003.wav,69.6,70.3,LOCATION,2026-03-14 14:37:29,
Chris,call_20250312_003.wav,66.3,68.0,LOCATION,2026-03-14 14:37:29,
Chris,call_20250312_003.wav,58.5,59.3,LOCATION,2026-03-14 14:37:29,
Chris,call_20250312_003.wav,51.2,52.0,LOCATION,2026-03-14 14:37:29,
Chris,call_20250312_003.wav,48.5,49.4,LOCATION,2026-03-14 14:37:29,
Chris,call_20250312_003.wav,46.5,47.4,LOCATION,2026-03-14 14:37:29,
Chris,call_20250312_003.wav,27.6,28.3,PERSON,2026-03-14 14:37:29,
Chris,call_20250312_003.wav,23.15,24.0,PERSON,2026-03-14 14:37:29,
Chris,call_20250312_003.wav,216.75,217.3,LOCATION,2026-03-14 14:34:38,
Chris,call_20250312_003.wav,81.3,82.0,LOCATION,2026-03-14 14:34:38,
Chris,call_20250312_003.wav,77.3,79.5,LOCATION,2026-03-14 14:34:38,
Chris,call_20250312_003.wav,75.4,76.3,LOCATION,2026-03-14 14:34:38,
Chris,call_20250312_003.wav,69.6,70.3,LOCATION,2026-03-14 14:34:38,
Chris,call_20250312_003.wav,66.3,68.0,LOCATION,2026-03-14 14:34:38,
Chris,call_20250312_003.wav,58.5,59.3,LOCATION,2026-03-14 14:34:38,
Chris,call_20250312_003.wav,51.2,52.0,LOCATION,2026-03-14 14:34:38,
Chris,call_20250312_003.wav,48.5,49.4,LOCATION,2026-03-14 14:34:38,
Chris,call_20250312_003.wav,46.5,47.4,LOCATION,2026-03-14 14:34:38,
Chris,call_20250312_003.wav,27.6,28.3,PERSON,2026-03-14 14:34:38,
Chris,call_20250312_003.wav,23.0,24.0,PERSON,2026-03-14 14:34:38,
Chris,call_20250317_005.wav,46.1,47.0,LOCATION,2026-03-14 13:43:27,
Chris,call_20250317_005.wav,567.55,568.3,LOCATION,2026-03-14 13:43:27,
Chris,call_20250317_005.wav,565.0,565.7,LOCATION,2026-03-14 13:43:27,
Chris,call_20250317_005.wav,413.4,415.0,LOCATION,2026-03-14 13:43:27,
Chris,call_20250317_005.wav,46.5,47.2,LOCATION,2026-03-14 13:42:22,
Chris,call_20250317_005.wav,567.55,568.3,LOCATION,2026-03-14 13:42:22,
Chris,call_20250317_005.wav,565.0,565.7,LOCATION,2026-03-14 13:42:22,
Chris,call_20250317_005.wav,413.4,415.0,LOCATION,2026-03-14 13:42:22,
Chris,call_20250317_005.wav,567.55,568.3,LOCATION,2026-03-14 13:39:51,
Chris,call_20250317_005.wav,565.0,565.7,LOCATION,2026-03-14 13:39:51,
Chris,call_20250317_005.wav,413.4,415.0,LOCATION,2026-03-14 13:39:51,
Chris,call_20250317_005.wav,567.7,568.4,LOCATION,2026-03-14 13:38:12,
Chris,call_20250317_005.wav,565.0,565.7,LOCATION,2026-03-14 13:38:12,
Chris,call_20250317_005.wav,413.4,415.0,LOCATION,2026-03-14 13:38:12,
Chris,call_20250317_005.wav,568.4,569.1,LOCATION,2026-03-14 13:35:58,
Chris,call_20250317_005.wav,565.4,566.1,LOCATION,2026-03-14 13:35:58,
Chris,call_20250317_005.wav,413.8,415.2,LOCATION,2026-03-14 13:35:58,
Chris,call_20250318_003.wav,436.4,438.0,PERSON,2026-03-14 13:07:16,
Chris,call_20250318_003.wav,420.4,435.5,USER_ID,2026-03-14 13:07:16,
Chris,call_20250318_003.wav,386.0,387.8,PERSON,2026-03-14 13:07:16,
Chris,call_20250318_003.wav,382.7,384.1,PERSON,2026-03-14 13:07:16,
Chris,call_20250318_003.wav,299.8,302.5,LOCATION,2026-03-14 13:07:16,
Chris,call_20250318_003.wav,213.5,214.2,PERSON,2026-03-14 13:07:16,
Chris,call_20250318_003.wav,210.7,212.0,PERSON,2026-03-14 13:07:16,
Chris,call_20250318_003.wav,204.15,206.3,LOCATION,2026-03-14 13:07:16,
Chris,call_20250318_003.wav,200.15,201.5,PERSON,2026-03-14 13:07:16,
Chris,call_20250318_003.wav,436.45,438.0,PERSON,2026-03-14 12:16:12,
Chris,call_20250318_003.wav,420.5,435.5,USER_ID,2026-03-14 12:16:12,
Chris,call_20250318_003.wav,386.1,387.8,PERSON,2026-03-14 12:16:12,
Chris,call_20250318_003.wav,382.8,384.1,PERSON,2026-03-14 12:16:12,
Chris,call_20250318_003.wav,299.8,302.5,LOCATION,2026-03-14 12:16:12,
Chris,call_20250318_003.wav,213.5,214.2,PERSON,2026-03-14 12:16:12,
Chris,call_20250318_003.wav,210.7,212.1,PERSON,2026-03-14 12:16:12,
Chris,call_20250318_003.wav,204.25,206.3,LOCATION,2026-03-14 12:16:12,
Chris,call_20250318_003.wav,200.15,201.5,PERSON,2026-03-14 12:16:12,
Chris,call_20250318_003.wav,436.6,438.0,PERSON,2026-03-14 12:10:42,
Chris,call_20250318_003.wav,420.5,435.5,USER_ID,2026-03-14 12:10:42,
Chris,call_20250318_003.wav,386.1,387.8,PERSON,2026-03-14 12:10:42,
Chris,call_20250318_003.wav,382.8,384.1,PERSON,2026-03-14 12:10:42,
Chris,call_20250318_003.wav,299.8,302.5,LOCATION,2026-03-14 12:10:42,
Chris,call_20250318_003.wav,213.5,214.2,PERSON,2026-03-14 12:10:42,
Chris,call_20250318_003.wav,210.7,212.1,PERSON,2026-03-14 12:10:42,
Chris,call_20250318_003.wav,204.25,206.3,LOCATION,2026-03-14 12:10:42,
Chris,call_20250318_003.wav,200.15,201.5,PERSON,2026-03-14 12:10:42,
Chris,call_20250318_003.wav,436.6,438.0,PERSON,2026-03-14 12:10:19,
Chris,call_20250318_003.wav,420.5,435.5,USER_ID,2026-03-14 12:10:19,
Chris,call_20250318_003.wav,386.1,387.8,PERSON,2026-03-14 12:10:19,
Chris,call_20250318_003.wav,382.8,384.1,PERSON,2026-03-14 12:10:19,
Chris,call_20250318_003.wav,299.8,302.5,LOCATION,2026-03-14 12:10:19,
Chris,call_20250318_003.wav,213.5,214.2,PERSON,2026-03-14 12:10:19,
Chris,call_20250318_003.wav,210.7,212.1,PERSON,2026-03-14 12:10:19,
Chris,call_20250318_003.wav,204.25,206.3,LOCATION,2026-03-14 12:10:19,
Chris,call_20250318_003.wav,200.15,201.5,PERSON,2026-03-14 12:10:19,
Chris,call_20250318_003.wav,436.6,438.0,PERSON,2026-03-14 12:06:51,
Chris,call_20250318_003.wav,420.5,435.5,USER_ID,2026-03-14 12:06:51,
Chris,call_20250318_003.wav,386.1,387.8,PERSON,2026-03-14 12:06:51,
Chris,call_20250318_003.wav,382.8,384.1,PERSON,2026-03-14 12:06:51,
Chris,call_20250318_003.wav,299.85,302.5,LOCATION,2026-03-14 12:06:51,
Chris,call_20250318_003.wav,213.5,214.2,PERSON,2026-03-14 12:06:51,
Chris,call_20250318_003.wav,210.7,212.1,PERSON,2026-03-14 12:06:51,
Chris,call_20250318_003.wav,204.2,206.3,LOCATION,2026-03-14 12:06:51,
Chris,call_20250318_003.wav,200.0,201.5,PERSON,2026-03-14 12:06:51,
Chris,call_20250318_003.wav,436.8,438.0,PERSON,2026-03-14 12:01:35,
Chris,call_20250318_003.wav,420.7,435.5,USER_ID,2026-03-14 12:01:35,
Chris,call_20250318_003.wav,386.4,388.0,PERSON,2026-03-14 12:01:35,
Chris,call_20250318_003.wav,383.0,384.3,PERSON,2026-03-14 12:01:35,
Chris,call_20250318_003.wav,300.0,302.7,LOCATION,2026-03-14 12:01:35,
Chris,call_20250318_003.wav,213.5,214.2,PERSON,2026-03-14 12:01:35,
Chris,call_20250318_003.wav,211.0,212.3,PERSON,2026-03-14 12:01:35,
Chris,call_20250318_003.wav,204.2,206.3,LOCATION,2026-03-14 12:01:35,
Chris,call_20250318_003.wav,200.5,202.0,PERSON,2026-03-14 12:01:35,
Chris,call_20250325_002.wav,120.0,122.0,LOCATION,2026-03-14 11:11:25,
Chris,call_20250325_002.wav,118.0,118.5,LOCATION,2026-03-14 11:11:25,
Chris,call_20250325_002.wav,116.2,117.8,LOCATION,2026-03-14 11:11:25,
Chris,call_20250325_002.wav,114.25,115.7,LOCATION,2026-03-14 11:11:25,
Chris,call_20250325_002.wav,120.0,120.2,LOCATION,2026-03-14 11:07:52,
Chris,call_20250325_002.wav,118.5,119.1,LOCATION,2026-03-14 11:07:52,
Chris,call_20250325_002.wav,116.2,117.8,LOCATION,2026-03-14 11:07:52,
Chris,call_20250325_002.wav,114.4,115.7,LOCATION,2026-03-14 11:07:52,
Chris,call_20250327_001.wav,125.0,125.8,LOCATION,2026-03-14 10:55:07,
Chris,call_20250327_001.wav,121.9,122.85,LOCATION,2026-03-14 10:55:07,
Chris,call_20250327_001.wav,94.5,95.3,PERSON,2026-03-14 10:55:07,
Chris,call_20250327_001.wav,92.25,93.3,PERSON,2026-03-14 10:55:07,
Chris,call_20250327_001.wav,125.8,126.8,LOCATION,2026-03-14 10:53:42,
Chris,call_20250327_001.wav,121.9,122.5,LOCATION,2026-03-14 10:53:42,
Chris,call_20250327_001.wav,94.5,95.3,PERSON,2026-03-14 10:53:42,
Chris,call_20250327_001.wav,92.25,93.3,PERSON,2026-03-14 10:53:42,
Chris,call_20250327_001.wav,125.7,128.3,LOCATION,2026-03-14 10:51:03,
Chris,call_20250327_001.wav,122.1,123.0,LOCATION,2026-03-14 10:51:03,
Chris,call_20250327_001.wav,95.0,96.0,PERSON,2026-03-14 10:51:03,
Chris,call_20250327_001.wav,92.5,93.5,PERSON,2026-03-14 10:51:03,
Chris,call_20250327_001.wav,125.7,128.3,LOCATION,2026-03-14 10:50:29,
Chris,call_20250327_001.wav,122.1,123.0,LOCATION,2026-03-14 10:50:29,
Chris,call_20250327_001.wav,95.0,96.0,PERSON,2026-03-14 10:50:29,
Chris,call_20250327_001.wav,92.5,93.5,PERSON,2026-03-14 10:50:29,
Chris,call_20250327_003.wav,65.3,65.8,PERSON,2026-03-14 10:45:31,
Chris,call_20250327_003.wav,46.6,47.3,PERSON,2026-03-14 10:45:31,
Chris,call_20250327_003.wav,43.2,43.8,PERSON,2026-03-14 10:45:31,
Chris,call_20250327_003.wav,39.45,40.0,PERSON,2026-03-14 10:45:31,
Chris,call_20250327_003.wav,65.3,65.8,PERSON,2026-03-14 10:44:40,
Chris,call_20250327_003.wav,46.6,47.3,PERSON,2026-03-14 10:44:40,
Chris,call_20250327_003.wav,43.4,43.8,PERSON,2026-03-14 10:44:40,
Chris,call_20250327_003.wav,39.45,40.0,PERSON,2026-03-14 10:44:40,
Chris,call_20250327_003.wav,65.3,65.8,PERSON,2026-03-14 10:44:04,
Chris,call_20250327_003.wav,46.6,47.3,PERSON,2026-03-14 10:44:04,
Chris,call_20250327_003.wav,43.3,43.8,PERSON,2026-03-14 10:44:04,
Chris,call_20250327_003.wav,39.45,40.0,PERSON,2026-03-14 10:44:04,
Chris,call_20250327_003.wav,65.3,65.8,PERSON,2026-03-14 10:41:58,
Chris,call_20250327_003.wav,46.6,47.3,PERSON,2026-03-14 10:41:58,
Chris,call_20250327_003.wav,43.2,43.7,PERSON,2026-03-14 10:41:58,
Chris,call_20250327_003.wav,39.45,40.0,PERSON,2026-03-14 10:41:58,
Chris,call_20250327_003.wav,65.3,65.8,PERSON,2026-03-14 10:40:44,
Chris,call_20250327_003.wav,46.6,47.3,PERSON,2026-03-14 10:40:44,
Chris,call_20250327_003.wav,43.0,43.4,PERSON,2026-03-14 10:40:44,
Chris,call_20250327_003.wav,39.0,39.7,PERSON,2026-03-14 10:40:44,
Chris,call_20250327_003.wav,65.3,65.8,PERSON,2026-03-14 10:39:36,
Chris,call_20250327_003.wav,46.6,47.3,PERSON,2026-03-14 10:39:36,
Chris,call_20250327_003.wav,43.6,44.4,PERSON,2026-03-14 10:39:36,
Chris,call_20250327_003.wav,39.7,40.5,PERSON,2026-03-14 10:39:36,
Chris,call_20250328_003.wav,173.2,173.8,PERSON,2026-03-14 10:24:28,
Chris,call_20250328_003.wav,169.7,171.8,PERSON,2026-03-14 10:24:28,
Chris,call_20250328_003.wav,168.65,169.3,PERSON,2026-03-14 10:24:28,
Chris,call_20250328_003.wav,164.2,164.9,PERSON,2026-03-14 10:24:28,
Chris,call_20250328_003.wav,148.9,149.9,PERSON,2026-03-14 10:24:28,
Chris,call_20250328_003.wav,140.1,140.5,PERSON,2026-03-14 10:24:28,
Chris,call_20250328_003.wav,135.5,136.35,PERSON,2026-03-14 10:24:28,
Chris,call_20250328_003.wav,114.4,115.0,PERSON,2026-03-14 10:24:28,
Chris,call_20250328_003.wav,112.5,114.0,PERSON,2026-03-14 10:24:28,
Chris,call_20250328_003.wav,81.5,82.2,PERSON,2026-03-14 10:24:28,
Chris,call_20250328_003.wav,46.3,47.0,PERSON,2026-03-14 10:24:28,
Chris,call_20250328_003.wav,36.0,37.0,PERSON,2026-03-14 10:24:28,
Chris,call_20250328_003.wav,34.0,35.5,PERSON,2026-03-14 10:24:28,
Chris,call_20250328_003.wav,22.7,23.3,PERSON,2026-03-14 10:24:28,
Chris,call_20250328_003.wav,173.2,173.8,PERSON,2026-03-14 10:22:56,
Chris,call_20250328_003.wav,169.7,171.8,PERSON,2026-03-14 10:22:56,
Chris,call_20250328_003.wav,168.65,169.2,PERSON,2026-03-14 10:22:56,
Chris,call_20250328_003.wav,164.2,164.9,PERSON,2026-03-14 10:22:56,
Chris,call_20250328_003.wav,148.9,149.9,PERSON,2026-03-14 10:22:56,
Chris,call_20250328_003.wav,140.1,140.5,PERSON,2026-03-14 10:22:56,
Chris,call_20250328_003.wav,135.5,136.35,PERSON,2026-03-14 10:22:56,
Chris,call_20250328_003.wav,114.4,115.0,PERSON,2026-03-14 10:22:56,
Chris,call_20250328_003.wav,112.5,114.0,PERSON,2026-03-14 10:22:56,
Chris,call_20250328_003.wav,81.5,82.2,PERSON,2026-03-14 10:22:56,
Chris,call_20250328_003.wav,46.3,47.0,PERSON,2026-03-14 10:22:56,
Chris,call_20250328_003.wav,36.0,37.0,PERSON,2026-03-14 10:22:56,
Chris,call_20250328_003.wav,34.0,35.5,PERSON,2026-03-14 10:22:56,
Chris,call_20250328_003.wav,22.7,23.3,PERSON,2026-03-14 10:22:56,
Chris,call_20250328_003.wav,173.2,173.8,PERSON,2026-03-14 10:20:25,
Chris,call_20250328_003.wav,169.7,171.8,PERSON,2026-03-14 10:20:25,
Chris,call_20250328_003.wav,168.8,169.2,PERSON,2026-03-14 10:20:25,
Chris,call_20250328_003.wav,164.2,164.9,PERSON,2026-03-14 10:20:25,
Chris,call_20250328_003.wav,148.9,149.9,PERSON,2026-03-14 10:20:25,
Chris,call_20250328_003.wav,140.1,140.5,PERSON,2026-03-14 10:20:25,
Chris,call_20250328_003.wav,135.5,136.35,PERSON,2026-03-14 10:20:25,
Chris,call_20250328_003.wav,114.4,115.0,PERSON,2026-03-14 10:20:25,
Chris,call_20250328_003.wav,112.5,114.0,PERSON,2026-03-14 10:20:25,
Chris,call_20250328_003.wav,81.5,82.2,PERSON,2026-03-14 10:20:25,
Chris,call_20250328_003.wav,46.3,47.0,PERSON,2026-03-14 10:20:25,
Chris,call_20250328_003.wav,36.0,37.0,PERSON,2026-03-14 10:20:25,
Chris,call_20250328_003.wav,34.0,35.5,PERSON,2026-03-14 10:20:25,
Chris,call_20250328_003.wav,22.7,23.3,PERSON,2026-03-14 10:20:25,
Chris,call_20250328_003.wav,172.8,173.4,PERSON,2026-03-14 10:18:05,
Chris,call_20250328_003.wav,169.7,171.8,PERSON,2026-03-14 10:18:05,
Chris,call_20250328_003.wav,168.8,169.2,PERSON,2026-03-14 10:18:05,
Chris,call_20250328_003.wav,164.2,164.8,PERSON,2026-03-14 10:18:05,
Chris,call_20250328_003.wav,148.9,149.9,PERSON,2026-03-14 10:18:05,
Chris,call_20250328_003.wav,140.1,140.5,PERSON,2026-03-14 10:18:05,
Chris,call_20250328_003.wav,135.5,136.35,PERSON,2026-03-14 10:18:05,
Chris,call_20250328_003.wav,114.4,115.0,PERSON,2026-03-14 10:18:05,
Chris,call_20250328_003.wav,112.5,114.0,PERSON,2026-03-14 10:18:05,
Chris,call_20250328_003.wav,81.5,82.2,PERSON,2026-03-14 10:18:05,
Chris,call_20250328_003.wav,46.3,47.0,PERSON,2026-03-14 10:18:05,
Chris,call_20250328_003.wav,36.0,37.0,PERSON,2026-03-14 10:18:05,
Chris,call_20250328_003.wav,34.0,35.5,PERSON,2026-03-14 10:18:05,
Chris,call_20250328_003.wav,22.7,23.3,PERSON,2026-03-14 10:18:05,
Chris,call_20250328_003.wav,174.5,175.0,PERSON,2026-03-14 10:12:42,
Chris,call_20250328_003.wav,169.7,171.8,PERSON,2026-03-14 10:12:42,
Chris,call_20250328_003.wav,168.8,169.2,PERSON,2026-03-14 10:12:42,
Chris,call_20250328_003.wav,164.2,164.8,PERSON,2026-03-14 10:12:42,
Chris,call_20250328_003.wav,149.0,149.6,PERSON,2026-03-14 10:12:42,
Chris,call_20250328_003.wav,139.9,140.5,PERSON,2026-03-14 10:12:42,
Chris,call_20250328_003.wav,135.5,136.1,PERSON,2026-03-14 10:12:42,
Chris,call_20250328_003.wav,114.4,115.0,PERSON,2026-03-14 10:12:42,
Chris,call_20250328_003.wav,112.5,114.0,PERSON,2026-03-14 10:12:42,
Chris,call_20250328_003.wav,81.5,82.2,PERSON,2026-03-14 10:12:42,
Chris,call_20250328_003.wav,46.3,47.0,PERSON,2026-03-14 10:12:42,
Chris,call_20250328_003.wav,36.0,37.0,PERSON,2026-03-14 10:12:42,
Chris,call_20250328_003.wav,34.0,35.5,PERSON,2026-03-14 10:12:42,
Chris,call_20250328_003.wav,22.7,23.3,PERSON,2026-03-14 10:12:42,
Chris,call_20250328_003.wav,169.7,171.8,PERSON,2026-03-14 10:08:38,
Chris,call_20250328_003.wav,168.8,169.2,PERSON,2026-03-14 10:08:38,
Chris,call_20250328_003.wav,164.4,165.0,PERSON,2026-03-14 10:08:38,
Chris,call_20250328_003.wav,149.3,150.0,PERSON,2026-03-14 10:08:38,
Chris,call_20250328_003.wav,139.9,140.5,PERSON,2026-03-14 10:08:38,
Chris,call_20250328_003.wav,135.5,136.1,PERSON,2026-03-14 10:08:38,
Chris,call_20250328_003.wav,114.4,115.0,PERSON,2026-03-14 10:08:38,
Chris,call_20250328_003.wav,112.5,114.0,PERSON,2026-03-14 10:08:38,
Chris,call_20250328_003.wav,81.5,82.2,PERSON,2026-03-14 10:08:38,
Chris,call_20250328_003.wav,46.3,47.0,PERSON,2026-03-14 10:08:38,
Chris,call_20250328_003.wav,36.0,37.0,PERSON,2026-03-14 10:08:38,
Chris,call_20250328_003.wav,34.0,35.5,PERSON,2026-03-14 10:08:38,
Chris,call_20250328_003.wav,22.7,23.3,PERSON,2026-03-14 10:08:38,
Chris,call_20250328_003.wav,171.6,172.2,PERSON,2026-03-14 10:03:44,
Chris,call_20250328_003.wav,168.8,169.2,PERSON,2026-03-14 10:03:44,
Chris,call_20250328_003.wav,164.4,165.0,PERSON,2026-03-14 10:03:44,
Chris,call_20250328_003.wav,148.8,149.5,PERSON,2026-03-14 10:03:44,
Chris,call_20250328_003.wav,140.3,141.0,PERSON,2026-03-14 10:03:44,
Chris,call_20250328_003.wav,135.5,136.1,PERSON,2026-03-14 10:03:44,
Chris,call_20250328_003.wav,114.4,115.0,PERSON,2026-03-14 10:03:44,
Chris,call_20250328_003.wav,112.5,114.0,PERSON,2026-03-14 10:03:44,
Chris,call_20250328_003.wav,81.5,82.2,PERSON,2026-03-14 10:03:44,
Chris,call_20250328_003.wav,46.3,47.0,PERSON,2026-03-14 10:03:44,
Chris,call_20250328_003.wav,36.0,37.0,PERSON,2026-03-14 10:03:44,
Chris,call_20250328_003.wav,34.0,35.5,PERSON,2026-03-14 10:03:44,
Chris,call_20250328_003.wav,22.7,23.3,PERSON,2026-03-14 10:03:44,
Chris,call_20250328_003.wav,171.6,172.2,PERSON,2026-03-14 10:01:56,
Chris,call_20250328_003.wav,168.8,169.2,PERSON,2026-03-14 10:01:56,
Chris,call_20250328_003.wav,164.4,165.0,PERSON,2026-03-14 10:01:56,
Chris,call_20250328_003.wav,148.8,149.5,PERSON,2026-03-14 10:01:56,
Chris,call_20250328_003.wav,140.3,141.0,PERSON,2026-03-14 10:01:56,
Chris,call_20250328_003.wav,135.5,136.1,PERSON,2026-03-14 10:01:56,
Chris,call_20250328_003.wav,114.4,115.0,PERSON,2026-03-14 10:01:56,
Chris,call_20250328_003.wav,112.5,114.0,PERSON,2026-03-14 10:01:56,
Chris,call_20250328_003.wav,81.5,82.2,PERSON,2026-03-14 10:01:56,
Chris,call_20250328_003.wav,46.3,47.0,PERSON,2026-03-14 10:01:56,
Chris,call_20250328_003.wav,36.0,37.0,PERSON,2026-03-14 10:01:56,
Chris,call_20250328_003.wav,34.0,35.5,PERSON,2026-03-14 10:01:56,
Chris,call_20250328_003.wav,23.7,24.3,PERSON,2026-03-14 10:01:56,
Chris,call_20250328_003.wav,171.6,172.2,PERSON,2026-03-14 09:57:14,
Chris,call_20250328_003.wav,168.8,169.2,PERSON,2026-03-14 09:57:14,
Chris,call_20250328_003.wav,164.4,165.0,PERSON,2026-03-14 09:57:14,
Chris,call_20250328_003.wav,148.8,149.5,PERSON,2026-03-14 09:57:14,
Chris,call_20250328_003.wav,140.3,141.0,PERSON,2026-03-14 09:57:14,
Chris,call_20250328_003.wav,135.5,136.1,PERSON,2026-03-14 09:57:14,
Chris,call_20250328_003.wav,114.4,115.0,PERSON,2026-03-14 09:57:14,
Chris,call_20250328_003.wav,112.5,114.0,PERSON,2026-03-14 09:57:14,
Chris,call_20250328_003.wav,81.5,82.2,PERSON,2026-03-14 09:57:14,
Chris,call_20250328_003.wav,46.3,47.0,PERSON,2026-03-14 09:57:14,
Chris,call_20250328_003.wav,37.0,37.7,PERSON,2026-03-14 09:57:14,
Chris,call_20250328_003.wav,26.0,26.6,PERSON,2026-03-14 09:57:14,
Chris,call_20250328_003.wav,22.4,22.9,PERSON,2026-03-14 09:57:14,
Chris,call_20250328_003.wav,171.6,172.2,PERSON,2026-03-14 09:54:33,
Chris,call_20250328_003.wav,168.8,169.2,PERSON,2026-03-14 09:54:33,
Chris,call_20250328_003.wav,164.4,165.0,PERSON,2026-03-14 09:54:33,
Chris,call_20250328_003.wav,148.8,149.5,PERSON,2026-03-14 09:54:33,
Chris,call_20250328_003.wav,140.3,141.0,PERSON,2026-03-14 09:54:33,
Chris,call_20250328_003.wav,135.5,136.1,PERSON,2026-03-14 09:54:33,
Chris,call_20250328_003.wav,114.4,115.0,PERSON,2026-03-14 09:54:33,
Chris,call_20250328_003.wav,112.5,114.0,PERSON,2026-03-14 09:54:33,
Chris,call_20250328_003.wav,81.5,82.2,PERSON,2026-03-14 09:54:33,
Chris,call_20250328_003.wav,46.3,47.0,PERSON,2026-03-14 09:54:33,
Chris,call_20250328_003.wav,36.0,36.7,PERSON,2026-03-14 09:54:33,
Chris,call_20250328_003.wav,35.0,36.2,PERSON,2026-03-14 09:54:33,
Chris,call_20250328_003.wav,22.4,22.9,PERSON,2026-03-14 09:54:33,
Chris,call_20250328_003.wav,171.6,172.2,PERSON,2026-03-14 09:53:07,
Chris,call_20250328_003.wav,168.8,169.2,PERSON,2026-03-14 09:53:07,
Chris,call_20250328_003.wav,164.4,165.0,PERSON,2026-03-14 09:53:07,
Chris,call_20250328_003.wav,148.8,149.5,PERSON,2026-03-14 09:53:07,
Chris,call_20250328_003.wav,140.3,141.0,PERSON,2026-03-14 09:53:07,
Chris,call_20250328_003.wav,135.5,136.1,PERSON,2026-03-14 09:53:07,
Chris,call_20250328_003.wav,114.4,115.0,PERSON,2026-03-14 09:53:07,
Chris,call_20250328_003.wav,112.5,114.0,PERSON,2026-03-14 09:53:07,
Chris,call_20250328_003.wav,81.5,82.2,PERSON,2026-03-14 09:53:07,
Chris,call_20250328_003.wav,46.3,47.0,PERSON,2026-03-14 09:53:07,
Chris,call_20250328_003.wav,36.0,36.7,PERSON,2026-03-14 09:53:07,
Chris,call_20250328_003.wav,34.0,35.2,PERSON,2026-03-14 09:53:07,
Chris,call_20250328_003.wav,22.4,22.9,PERSON,2026-03-14 09:53:07,
Chris,call_20250328_003.wav,170.6,171.2,PERSON,2026-03-14 09:47:23,
Chris,call_20250328_003.wav,169.8,170.2,PERSON,2026-03-14 09:47:23,
Chris,call_20250328_003.wav,164.8,165.4,PERSON,2026-03-14 09:47:23,
Chris,call_20250328_003.wav,149.2,150.0,PERSON,2026-03-14 09:47:23,
Chris,call_20250328_003.wav,139.3,140.0,PERSON,2026-03-14 09:47:23,
Chris,call_20250328_003.wav,135.9,136.8,PERSON,2026-03-14 09:47:23,
Chris,call_20250328_003.wav,114.7,115.3,PERSON,2026-03-14 09:47:23,
Chris,call_20250328_003.wav,112.5,114.3,PERSON,2026-03-14 09:47:23,
Chris,call_20250328_003.wav,82.0,82.8,PERSON,2026-03-14 09:47:23,
Chris,call_20250328_003.wav,46.7,47.3,PERSON,2026-03-14 09:47:23,
Chris,call_20250328_003.wav,36.3,37.0,PERSON,2026-03-14 09:47:23,
Chris,call_20250328_003.wav,34.5,36.0,PERSON,2026-03-14 09:47:23,
Chris,call_20250328_003.wav,23.4,23.9,PERSON,2026-03-14 09:47:23,
Chris,call_20250409_002.wav,271.1,272.7,LOCATION,2026-03-14 09:11:18,
Chris,call_20250409_002.wav,269.5,270.2,LOCATION,2026-03-14 09:11:18,
Chris,call_20250409_002.wav,199.5,200.2,PERSON,2026-03-14 09:11:18,
Chris,call_20250409_002.wav,197.5,198.3,PERSON,2026-03-14 09:11:18,
Chris,call_20250409_002.wav,192.8,193.6,PERSON,2026-03-14 09:11:18,
Chris,call_20250409_002.wav,271.2,272.8,LOCATION,2026-03-14 09:09:45,
Chris,call_20250409_002.wav,269.6,270.4,LOCATION,2026-03-14 09:09:45,
Chris,call_20250409_002.wav,199.5,200.2,PERSON,2026-03-14 09:09:45,
Chris,call_20250409_002.wav,197.5,198.3,PERSON,2026-03-14 09:09:45,
Chris,call_20250409_002.wav,192.8,193.6,PERSON,2026-03-14 09:09:45,
Chris,call_20250409_002.wav,271.4,273.0,LOCATION,2026-03-14 09:07:29,
Chris,call_20250409_002.wav,269.7,270.5,LOCATION,2026-03-14 09:07:29,
Chris,call_20250409_002.wav,200.0,200.8,PERSON,2026-03-14 09:07:29,
Chris,call_20250409_002.wav,197.5,198.3,PERSON,2026-03-14 09:07:29,
Chris,call_20250409_002.wav,193.3,194.1,PERSON,2026-03-14 09:07:29,
Chris,call_20250415_006.wav,138.1,138.7,LOCATION,2026-03-13 19:19:24,
Chris,call_20250415_006.wav,142.5,143.3,LOCATION,2026-03-13 19:19:24,
Chris,call_20250415_006.wav,126.9,128.7,LOCATION,2026-03-13 19:19:24,
Chris,call_20250415_006.wav,124.45,125.0,LOCATION,2026-03-13 19:19:24,
Chris,call_20250415_006.wav,122.5,123.2,LOCATION,2026-03-13 19:19:24,
Chris,call_20250415_006.wav,117.6,118.8,LOCATION,2026-03-13 19:19:24,
Chris,call_20250415_006.wav,138.2,138.7,LOCATION,2026-03-13 19:18:41,
Chris,call_20250415_006.wav,142.5,143.3,LOCATION,2026-03-13 19:18:41,
Chris,call_20250415_006.wav,126.9,128.7,LOCATION,2026-03-13 19:18:41,
Chris,call_20250415_006.wav,124.45,125.0,LOCATION,2026-03-13 19:18:41,
Chris,call_20250415_006.wav,122.5,123.2,LOCATION,2026-03-13 19:18:41,
Chris,call_20250415_006.wav,117.6,118.8,LOCATION,2026-03-13 19:18:41,
Chris,call_20250415_006.wav,138.0,138.5,LOCATION,2026-03-13 19:17:18,
Chris,call_20250415_006.wav,142.5,143.3,LOCATION,2026-03-13 19:17:18,
Chris,call_20250415_006.wav,126.9,128.7,LOCATION,2026-03-13 19:17:18,
Chris,call_20250415_006.wav,124.45,125.0,LOCATION,2026-03-13 19:17:18,
Chris,call_20250415_006.wav,122.5,123.2,LOCATION,2026-03-13 19:17:18,
Chris,call_20250415_006.wav,117.6,118.8,LOCATION,2026-03-13 19:17:18,
Chris,call_20250415_006.wav,137.5,138.3,LOCATION,2026-03-13 19:15:51,
Chris,call_20250415_006.wav,142.5,143.3,LOCATION,2026-03-13 19:15:51,
Chris,call_20250415_006.wav,126.9,128.7,LOCATION,2026-03-13 19:15:51,
Chris,call_20250415_006.wav,124.45,125.0,LOCATION,2026-03-13 19:15:51,
Chris,call_20250415_006.wav,122.5,123.2,LOCATION,2026-03-13 19:15:51,
Chris,call_20250415_006.wav,117.7,118.8,LOCATION,2026-03-13 19:15:51,
Chris,call_20250415_006.wav,137.5,138.3,LOCATION,2026-03-13 19:14:36,
Chris,call_20250415_006.wav,142.5,143.3,LOCATION,2026-03-13 19:14:36,
Chris,call_20250415_006.wav,126.9,128.7,LOCATION,2026-03-13 19:14:36,
Chris,call_20250415_006.wav,124.45,125.1,LOCATION,2026-03-13 19:14:36,
Chris,call_20250415_006.wav,122.5,123.2,LOCATION,2026-03-13 19:14:36,
Chris,call_20250415_006.wav,117.5,118.8,LOCATION,2026-03-13 19:14:36,
Chris,call_20250415_006.wav,142.5,143.3,LOCATION,2026-03-13 19:11:08,
Chris,call_20250415_006.wav,126.9,128.7,LOCATION,2026-03-13 19:11:08,
Chris,call_20250415_006.wav,124.8,125.4,LOCATION,2026-03-13 19:11:08,
Chris,call_20250415_006.wav,122.5,123.2,LOCATION,2026-03-13 19:11:08,
Chris,call_20250415_006.wav,118.2,119.2,LOCATION,2026-03-13 19:11:08,
Chris,call_20250424_003.wav,31.7,32.45,PERSON,2026-03-13 18:49:17,
Chris,call_20250424_003.wav,328.9,329.4,LOCATION,2026-03-13 18:49:17,
Chris,call_20250424_003.wav,229.75,230.4,PERSON,2026-03-13 18:49:17,
Chris,call_20250424_003.wav,55.25,55.8,PERSON,2026-03-13 18:49:17,
Chris,call_20250424_003.wav,24.7,26.2,PERSON,2026-03-13 18:49:17,
Chris,call_20250424_003.wav,23.0,23.6,PERSON,2026-03-13 18:49:17,
Chris,call_20250424_003.wav,31.7,32.45,PERSON,2026-03-13 18:46:54,
Chris,call_20250424_003.wav,328.9,329.4,LOCATION,2026-03-13 18:46:54,
Chris,call_20250424_003.wav,229.8,230.4,PERSON,2026-03-13 18:46:54,
Chris,call_20250424_003.wav,55.3,55.8,PERSON,2026-03-13 18:46:54,
Chris,call_20250424_003.wav,24.7,26.2,PERSON,2026-03-13 18:46:54,
Chris,call_20250424_003.wav,23.0,23.6,PERSON,2026-03-13 18:46:54,
Chris,call_20250424_003.wav,31.7,32.45,PERSON,2026-03-13 18:40:57,
Chris,call_20250424_003.wav,328.8,329.3,LOCATION,2026-03-13 18:40:57,
Chris,call_20250424_003.wav,229.7,230.4,PERSON,2026-03-13 18:40:57,
Chris,call_20250424_003.wav,55.1,55.6,PERSON,2026-03-13 18:40:57,
Chris,call_20250424_003.wav,24.7,26.2,PERSON,2026-03-13 18:40:57,
Chris,call_20250424_003.wav,23.0,23.6,PERSON,2026-03-13 18:40:57,
Chris,call_20250424_003.wav,31.7,32.3,PERSON,2026-03-13 18:36:17,
Chris,call_20250424_003.wav,329.6,330.2,LOCATION,2026-03-13 18:36:17,
Chris,call_20250424_003.wav,229.7,230.4,PERSON,2026-03-13 18:36:17,
Chris,call_20250424_003.wav,55.3,55.8,PERSON,2026-03-13 18:36:17,
Chris,call_20250424_003.wav,24.7,26.2,PERSON,2026-03-13 18:36:17,
Chris,call_20250424_003.wav,23.0,23.6,PERSON,2026-03-13 18:36:17,
Chris,call_20250424_003.wav,31.4,32.0,PERSON,2026-03-13 18:32:08,
Chris,call_20250424_003.wav,328.2,329.0,LOCATION,2026-03-13 18:32:08,
Chris,call_20250424_003.wav,229.0,230.0,PERSON,2026-03-13 18:32:08,
Chris,call_20250424_003.wav,55.0,55.8,PERSON,2026-03-13 18:32:08,
Chris,call_20250424_003.wav,24.7,26.2,PERSON,2026-03-13 18:32:08,
Chris,call_20250424_003.wav,22.9,23.6,PERSON,2026-03-13 18:32:08,
Chris,call_20250424_003.wav,31.0,32.0,PERSON,2026-03-13 18:30:45,
Chris,call_20250424_003.wav,328.2,329.0,LOCATION,2026-03-13 18:30:45,
Chris,call_20250424_003.wav,229.0,230.0,PERSON,2026-03-13 18:30:45,
Chris,call_20250424_003.wav,54.0,54.8,PERSON,2026-03-13 18:30:45,
Chris,call_20250424_003.wav,24.7,26.2,PERSON,2026-03-13 18:30:45,
Chris,call_20250424_003.wav,22.9,23.6,PERSON,2026-03-13 18:30:45,
Chris,call_20250424_003.wav,32.2,33.0,PERSON,2026-03-13 18:29:08,
Chris,call_20250424_003.wav,328.2,329.0,LOCATION,2026-03-13 18:29:08,
Chris,call_20250424_003.wav,229.0,230.0,PERSON,2026-03-13 18:29:08,
Chris,call_20250424_003.wav,54.0,54.8,PERSON,2026-03-13 18:29:08,
Chris,call_20250424_003.wav,24.8,26.2,PERSON,2026-03-13 18:29:08,
Chris,call_20250424_003.wav,22.9,23.6,PERSON,2026-03-13 18:29:08,
Chris,call_20250424_003.wav,34.2,35.0,PERSON,2026-03-13 18:23:24,
Chris,call_20250424_003.wav,328.2,329.0,LOCATION,2026-03-13 18:23:24,
Chris,call_20250424_003.wav,229.0,230.0,PERSON,2026-03-13 18:23:24,
Chris,call_20250424_003.wav,54.0,54.8,PERSON,2026-03-13 18:23:24,
Chris,call_20250424_003.wav,24.8,26.2,PERSON,2026-03-13 18:23:24,
Chris,call_20250424_003.wav,22.9,23.6,PERSON,2026-03-13 18:23:24,
Chris,call_20250424_003.wav,328.2,329.0,LOCATION,2026-03-13 18:19:28,
Chris,call_20250424_003.wav,229.0,230.0,PERSON,2026-03-13 18:19:28,
Chris,call_20250424_003.wav,54.0,54.8,PERSON,2026-03-13 18:19:28,
Chris,call_20250424_003.wav,24.8,26.2,PERSON,2026-03-13 18:19:28,
Chris,call_20250424_003.wav,22.9,23.6,PERSON,2026-03-13 18:19:28,
Chris,call_20250424_003.wav,328.2,329.0,LOCATION,2026-03-13 18:17:52,
Chris,call_20250424_003.wav,54.5,55.3,PERSON,2026-03-13 18:17:52,
Chris,call_20250424_003.wav,24.8,26.2,PERSON,2026-03-13 18:17:52,
Chris,call_20250424_003.wav,22.9,23.6,PERSON,2026-03-13 18:17:52,
Chris,call_20250424_003.wav,329.2,330.0,LOCATION,2026-03-13 18:15:24,
Chris,call_20250424_003.wav,230.0,231.0,PERSON,2026-03-13 18:15:24,
Chris,call_20250424_003.wav,55.5,56.3,PERSON,2026-03-13 18:15:24,
Chris,call_20250424_003.wav,24.8,26.2,PERSON,2026-03-13 18:15:24,
Chris,call_20250424_003.wav,22.6,23.3,PERSON,2026-03-13 18:15:24,
Chris,call_20250424_003.wav,329.2,330.0,LOCATION,2026-03-13 18:14:20,
Chris,call_20250424_003.wav,230.0,231.0,PERSON,2026-03-13 18:14:20,
Chris,call_20250424_003.wav,55.5,56.3,PERSON,2026-03-13 18:14:20,
Chris,call_20250424_003.wav,24.8,26.2,PERSON,2026-03-13 18:14:20,
Chris,call_20250424_003.wav,23.6,24.2,PERSON,2026-03-13 18:14:20,
Chris,call_20250429_005.wav,68.0,69.0,PERSON,2026-03-13 17:52:27,
Chris,call_20250429_005.wav,65.8,67.2,PERSON,2026-03-13 17:52:27,
Chris,call_20250429_005.wav,62.9,63.45,PERSON,2026-03-13 17:52:27,
Chris,call_20250429_005.wav,68.0,69.0,PERSON,2026-03-13 17:51:53,
Chris,call_20250429_005.wav,65.8,67.2,PERSON,2026-03-13 17:51:53,
Chris,call_20250429_005.wav,62.8,63.35,PERSON,2026-03-13 17:51:53,
Chris,call_20250429_005.wav,68.0,69.0,PERSON,2026-03-13 17:50:11,
Chris,call_20250429_005.wav,65.8,67.2,PERSON,2026-03-13 17:50:11,
Chris,call_20250429_005.wav,62.7,63.3,PERSON,2026-03-13 17:50:11,
Chris,call_20250429_005.wav,68.1,69.0,PERSON,2026-03-13 17:49:11,
Chris,call_20250429_005.wav,65.8,67.2,PERSON,2026-03-13 17:49:11,
Chris,call_20250429_005.wav,63.5,64.3,PERSON,2026-03-13 17:49:11,
Chris,call_20250429_006.wav,255.5,256.0,PERSON,2026-03-13 17:38:50,
Chris,call_20250429_006.wav,252.1,254.1,PERSON,2026-03-13 17:38:50,
Chris,call_20250429_006.wav,249.5,251.0,PERSON,2026-03-13 17:38:50,
Chris,call_20250429_006.wav,244.8,245.5,PERSON,2026-03-13 17:38:50,
Chris,call_20250429_006.wav,31.3,33.0,PERSON,2026-03-13 17:38:50,
Chris,call_20250429_006.wav,20.8,22.3,PERSON,2026-03-13 17:38:50,
Chris,call_20250429_006.wav,255.3,256.0,PERSON,2026-03-13 17:36:58,
Chris,call_20250429_006.wav,253.3,254.1,PERSON,2026-03-13 17:36:58,
Chris,call_20250429_006.wav,249.5,251.0,PERSON,2026-03-13 17:36:58,
Chris,call_20250429_006.wav,244.8,245.5,PERSON,2026-03-13 17:36:58,
Chris,call_20250429_006.wav,31.3,33.0,PERSON,2026-03-13 17:36:58,
Chris,call_20250429_006.wav,20.8,22.3,PERSON,2026-03-13 17:36:58,
Chris,call_20250429_006.wav,255.3,256.0,PERSON,2026-03-13 17:34:56,
Chris,call_20250429_006.wav,253.3,254.1,PERSON,2026-03-13 17:34:56,
Chris,call_20250429_006.wav,249.5,251.0,PERSON,2026-03-13 17:34:56,
Chris,call_20250429_006.wav,244.7,245.3,PERSON,2026-03-13 17:34:56,
Chris,call_20250429_006.wav,31.3,33.0,PERSON,2026-03-13 17:34:56,
Chris,call_20250429_006.wav,20.8,22.3,PERSON,2026-03-13 17:34:56,
Chris,call_20250429_006.wav,255.3,256.0,PERSON,2026-03-13 17:30:57,
Chris,call_20250429_006.wav,253.3,254.1,PERSON,2026-03-13 17:30:57,
Chris,call_20250429_006.wav,249.5,251.0,PERSON,2026-03-13 17:30:57,
Chris,call_20250429_006.wav,245.5,246.3,PERSON,2026-03-13 17:30:57,
Chris,call_20250429_006.wav,31.4,33.0,PERSON,2026-03-13 17:30:57,
Chris,call_20250429_006.wav,20.8,22.3,PERSON,2026-03-13 17:30:57,
Chris,call_20250429_006.wav,255.3,256.0,PERSON,2026-03-13 17:29:38,
Chris,call_20250429_006.wav,253.3,254.1,PERSON,2026-03-13 17:29:38,
Chris,call_20250429_006.wav,249.5,251.0,PERSON,2026-03-13 17:29:38,
Chris,call_20250429_006.wav,245.5,246.3,PERSON,2026-03-13 17:29:38,
Chris,call_20250429_006.wav,31.7,33.0,PERSON,2026-03-13 17:29:38,
Chris,call_20250429_006.wav,20.8,22.3,PERSON,2026-03-13 17:29:38,
Chris,call_20250429_007.wav,97.5,98.3,PERSON,2026-03-13 17:08:22,
Chris,call_20250429_007.wav,30.9,31.5,PERSON,2026-03-13 17:08:22,
Chris,call_20250429_007.wav,25.6,28.5,PERSON,2026-03-13 17:08:22,
Chris,call_20250429_007.wav,96.8,97.3,PERSON,2026-03-13 17:06:38,
Chris,call_20250429_007.wav,30.8,31.5,PERSON,2026-03-13 17:06:38,
Chris,call_20250429_007.wav,25.8,28.5,PERSON,2026-03-13 17:06:38,
Chris,call_20250429_007.wav,97.8,98.3,PERSON,2026-03-13 17:05:07,
Chris,call_20250429_007.wav,30.5,31.3,PERSON,2026-03-13 17:05:07,
Chris,call_20250429_007.wav,25.7,28.5,PERSON,2026-03-13 17:05:07,
Chris,call_20250429_007.wav,97.8,98.3,PERSON,2026-03-13 17:04:28,
Chris,call_20250429_007.wav,25.7,28.5,PERSON,2026-03-13 17:04:28,
Chris,call_20250429_007.wav,96.8,97.3,PERSON,2026-03-13 17:02:08,
Chris,call_20250429_007.wav,31.5,32.3,PERSON,2026-03-13 17:02:08,
Chris,call_20250429_007.wav,26.5,29.0,PERSON,2026-03-13 17:02:08,
Chris,call_20250505_002.wav,72.5,73.3,PERSON,2026-03-05 16:44:08,
Chris,call_20250505_002.wav,30.2,30.7,PERSON,2026-03-05 16:44:08,
Chris,call_20250505_002.wav,72.0,73.0,PERSON,2026-03-05 16:42:58,
Chris,call_20250505_002.wav,29.7,30.5,PERSON,2026-03-05 16:42:58,
Chris,call_20250505_002.wav,72.5,74.0,PERSON,2026-03-05 16:41:05,
Chris,call_20250505_002.wav,30.5,31.2,PERSON,2026-03-05 16:41:05,
bruno,WhatsApp Audio 2026-01-13 at 11.39.55 AM.mp3,14.0,16.0,LOCATION,2026-03-01 17:06:00,
bruno,WhatsApp Audio 2026-01-13 at 11.39.55 AM.mp3,5.0,8.0,USER_ID,2026-03-01 17:06:00,
bruno,WhatsApp Audio 2026-01-13 at 11.39.55 AM.mp3,2.0,4.0,PERSON,2026-03-01 17:06:00,
